created_at,full_text,text_clean,favorite_count,retweet_count,reply_count,quote_count
Sat Aug 30 00:52:32 +0000 2025,Bisa klo mau jadi dpr dikasih kualifikasi minimal S1 lulusan univ ternama biar PADA GA GOUBLOK JADI ANGGOTA. RAKYAT CARI KERJA MINIMAL S1 GAJI GA SAMPE 3 JT SEHARI EMOSI AJG,bisa klo mau jadi dpr dikasih kualifikasi minimal s1 lulusan univ ternama biar pada ga goublok jadi anggota rakyat cari kerja minimal s1 gaji ga sampe 3 jt sehari emosi ajg,0,0,0,0
Sat Aug 30 00:51:48 +0000 2025,@LouiseM40035 @halupulisi Sama aja satu kolam apakabar dia kasih medali dn kursi ke mantan koruptor saat awal demo???? Naikin gaji hakim dn tunjangan DPR??? Lalu naikin pajak dll??? Lu pikir? Satu kolam semua jadi STOP mikir nih org gk tau apa2 .. Gk salah sangking gk salah nya sampe budeq,sama aja satu kolam apakabar dia kasih medali dn kursi ke mantan koruptor saat awal demo naikin gaji hakim dn tunjangan dpr lalu naikin pajak dll lu pikir satu kolam semua jadi stop mikir nih org gk tau apa2 gk salah sangking gk salah nya sampe budeq,0,0,0,0
Sat Aug 30 00:51:03 +0000 2025,@kompascom Turun kan gaji DPR,turun kan gaji dpr,0,0,0,0
Sat Aug 30 00:50:34 +0000 2025,SE INDONESIA NIH KENA PENYAKIT HATI??? KECUALI KAUM LO GITU?? MELEK NJING KEBIJAKAN PRESIDEN LO SKRG JG PUNYA EFEK BUAT KEBERLANGSUNGAN HIDUP LO JG OH LUPAA DARI KMREN GAADA SUARA PAS GAJI DPR NAIK JD LO TERIMA TERIMA AJA YAAA BAGUS LO AJA SONO GUE OGAHH BANGSAT,se indonesia nih kena penyakit hati kecuali kaum lo gitu melek njing kebijakan presiden lo skrg jg punya efek buat keberlangsungan hidup lo jg oh lupaa dari kmren gaada suara pas gaji dpr naik jd lo terima terima aja yaaa bagus lo aja sono gue ogahh bangsat,0,0,0,0
Sat Aug 30 00:50:11 +0000 2025,@Prabuseno13 @halupulisi Sama aja satu kolam apakabar dia kasih medali dn kursi ke mantan koruptor saat awal demo???? Naikin gaji hakim dn tunjangan DPR??? Lalu naikin pajak dll??? Lu pikir? Satu kolam semua jadi STOP mikir nih org gk tau apa2 ,sama aja satu kolam apakabar dia kasih medali dn kursi ke mantan koruptor saat awal demo naikin gaji hakim dn tunjangan dpr lalu naikin pajak dll lu pikir satu kolam semua jadi stop mikir nih org gk tau apa2,0,0,0,0
Sat Aug 30 00:49:28 +0000 2025,@seninteruss Biar gak makin panas mending temuin lah itu para pendemo lalu gaji beserta tunjanganya DPR turunin Pajak jangan naik biar rakyat adem,biar gak makin panas mending temuin lah itu para pendemo lalu gaji beserta tunjanganya dpr turunin pajak jangan naik biar rakyat adem,0,0,0,0
Sat Aug 30 00:47:42 +0000 2025, Ga membela DPR katanya Demo nya kita mau menuntut DPR woy takut bgt anggota dpr ketemu bos nya (rakya) inget ya gaji dpr itu dari RAKYAT,ga membela dpr katanya demo nya kita mau menuntut dpr woy takut bgt anggota dpr ketemu bos nya rakya inget ya gaji dpr itu dari rakyat,0,0,0,0
Sat Aug 30 00:47:16 +0000 2025,@hariantimeline Jadi anggota DPR itu cuma ingin jabatan dan gaji..otaknya ga perlu ..pantesan UU yang dihasilkan DPR banyak banget direvisi MK...,jadi anggota dpr itu cuma ingin jabatan dan gaji otaknya ga perlu pantesan uu yang dihasilkan dpr banyak banget direvisi mk,0,0,0,0
Sat Aug 30 00:41:06 +0000 2025,@IMachjar @yaniarsim @ahmadsahroni88 @NasDem Kenapa ya bnyk artis yg jadi anggota DPR. Apa itu memang sdh benar2 wakil rakyat? Eko modal ngelawak. Kuya modal hipnotis Mulan modal goyang.. jd bingung yg diwakilkan siapa? Yg pasti duit mereka sdh bnyk. Kenapa msh serakah dgn gaji dr jabatan anggota DPR?,kenapa ya bnyk artis yg jadi anggota dpr apa itu memang sdh benar2 wakil rakyat eko modal ngelawak kuya modal hipnotis mulan modal goyang jd bingung yg diwakilkan siapa yg pasti duit mereka sdh bnyk kenapa msh serakah dgn gaji dr jabatan anggota dpr,0,0,0,0
Sat Aug 30 00:41:06 +0000 2025,@qiuteasy Ini demo karna kenaikan gaji dpr dan tunjangan wow itu kan sama kenaikan pajak? Semoga demo kali ini ada hasilnya lah ,ini demo karna kenaikan gaji dpr dan tunjangan wow itu kan sama kenaikan pajak semoga demo kali ini ada hasilnya lah,0,0,1,0
Sat Aug 30 00:40:59 +0000 2025,@grok benarkah gaji DPR di Indonesia yang naik ada campur tangan presiden?,benarkah gaji dpr di indonesia yang naik ada campur tangan presiden,0,0,1,0
Sat Aug 30 00:40:56 +0000 2025,@kompascom Pajak naik aza pada diam .. giliran gaji DPR dan tunjangan pada joget ... apa yg mau dibenahin kalau cuma buat cari nama doang ..,pajak naik aza pada diam giliran gaji dpr dan tunjangan pada joget apa yg mau dibenahin kalau cuma buat cari nama doang,0,0,0,0
Sat Aug 30 00:40:15 +0000 2025,Pak prabowo kerusuhan ini terjadi karena rakyat hidup semakin susah trus berbagai macam pajak dinaikan oleh sri muliyani ditambah kisruh ijazah jokowi yg tdk kunjung usai hukum yg carut marut silfester tdk ditahan pinalnya gaji dan tunjangan dpr naik anggota DPR joget2.,pak prabowo kerusuhan ini terjadi karena rakyat hidup semakin susah trus berbagai macam pajak dinaikan oleh sri muliyani ditambah kisruh ijazah jokowi yg tdk kunjung usai hukum yg carut marut silfester tdk ditahan pinalnya gaji dan tunjangan dpr naik anggota dpr joget2,1,0,0,0
Sat Aug 30 00:39:29 +0000 2025,@Bambangmulyonoo Halahbazerkebo prvokator smber biangkerok DPR gaji100jt arogan pajak rkyat dinaikan 500%DPR joget2 nantangin rakyat giliran di datangin DPR VS polisi ktua DPRnya kabur kok yg disalahin polisi PDhal mrka mkan gaji dr rakyat tuk prbaiki nasip rakyat bjingan yg mesti dibbarkan DPR,halahbazerkebo prvokator smber biangkerok dpr gaji100jt arogan pajak rkyat dinaikan 500 dpr joget2 nantangin rakyat giliran di datangin dpr vs polisi ktua dprnya kabur kok yg disalahin polisi pdhal mrka mkan gaji dr rakyat tuk prbaiki nasip rakyat bjingan yg mesti dibbarkan dpr,0,0,1,0
Sat Aug 30 00:39:17 +0000 2025,@danananae Negara lain juga punya penjabat tapi gajinya setara rakyat bahkan ada yang lebih kecil. Masa negara ini gaji+tunjangan untuk DPR melampaui banget batasnya. Bukan gak terima tapi kinerja DPR gak semuanya berjalan kebanyakan cuma cari muka ,negara lain juga punya penjabat tapi gajinya setara rakyat bahkan ada yang lebih kecil masa negara ini gaji tunjangan untuk dpr melampaui banget batasnya bukan gak terima tapi kinerja dpr gak semuanya berjalan kebanyakan cuma cari muka,0,0,1,0
Sat Aug 30 00:39:05 +0000 2025,Akar masalah pd arogansi &amp; nir-empati elit politik thdp kesulitan rakyat Pak @prabowo Mbak @puanmaharani_ri segera potong gaji+fasilitas menteri ketua anggota DPR pejabat BUMN Bu @smindrawatii utk menambal APBN. Bukan dng bebani rakyat dng pajak brutal https://t.co/U33wFcFz4f,akar masalah pd arogansi amp nir empati elit politik thdp kesulitan rakyat pak mbak segera potong gaji fasilitas menteri ketua anggota dpr pejabat bumn bu utk menambal apbn bukan dng bebani rakyat dng pajak brutal,0,0,1,0
Sat Aug 30 00:37:40 +0000 2025,ALLAHUAKBAR dia ini pelawak coy bukan presiden. disaat semua kericuhan ini sampe anarkis dan ga konsusif korban dimana-mana itu semua karena kebijakan lu wo gaji dpr 3jt/hari??? bukan elu wo yang ngomong?? mbok ya nek urip uteke ra gur gae motorik ta mbahhhhi,allahuakbar dia ini pelawak coy bukan presiden disaat semua kericuhan ini sampe anarkis dan ga konsusif korban dimana mana itu semua karena kebijakan lu wo gaji dpr 3jt hari bukan elu wo yang ngomong mbok ya nek urip uteke ra gur gae motorik ta mbahhhhi,0,0,1,0
Sat Aug 30 00:37:12 +0000 2025,DPR dapet gaji 3/4 juta perbulan itu udah paling bener soalnya kinerja lo semua bobrok pinter juga kaga sekolah sampe S2 aja kaga gaji 150 juta anjing anjing kalau mau gaji segitu minimal bener kinerjanya lagian gk perlu tunjangan dan rumah dinas anjg buat apa sih,dpr dapet gaji 3 4 juta perbulan itu udah paling bener soalnya kinerja lo semua bobrok pinter juga kaga sekolah sampe s2 aja kaga gaji 150 juta anjing anjing kalau mau gaji segitu minimal bener kinerjanya lagian gk perlu tunjangan dan rumah dinas anjg buat apa sih,0,0,0,0
Sat Aug 30 00:35:23 +0000 2025,Rakyat sama aparat posisinya sama sama dirugikan dpr gaji mereka sama kecilnya sama gaji warga sipil. Bingung juga jadi parcok sih mau harus gimana? Mau ngelawan dpr? Dipecat dong?? In this economy??? Bro,rakyat sama aparat posisinya sama sama dirugikan dpr gaji mereka sama kecilnya sama gaji warga sipil bingung juga jadi parcok sih mau harus gimana mau ngelawan dpr dipecat dong in this economy bro,0,0,1,0
Sat Aug 30 00:34:48 +0000 2025,Gaji DPR itu dari pajak atau uang rakyat jadi ga usah sok paling playing victim deh. Najis.,gaji dpr itu dari pajak atau uang rakyat jadi ga usah sok paling playing victim deh najis,0,0,0,0
Sat Aug 30 00:29:38 +0000 2025,@joey_ardiva @DPR_RI Mereka punya pikiran?? punya akal sehat gasih? ga ngotak bgt main kabur gitu aja mana hasil nyata dari gaji yg GEDE itu?,mereka punya pikiran punya akal sehat gasih ga ngotak bgt main kabur gitu aja mana hasil nyata dari gaji yg gede itu,0,0,0,0
Sat Aug 30 00:29:34 +0000 2025,@rexlapisfisip Makanya pake nalar bro...Lo pangkat kecil dgn gaji kecil resiko besar cuman dijadikan martir oleh mereka yg gaji 1 hari buat Lo sebulan..akhirnya dipecat...wahai polisi mending bersatu dgn rakyat utk membubarkan dpr,makanya pake nalar bro lo pangkat kecil dgn gaji kecil resiko besar cuman dijadikan martir oleh mereka yg gaji 1 hari buat lo sebulan akhirnya dipecat wahai polisi mending bersatu dgn rakyat utk membubarkan dpr,0,0,0,0
Sat Aug 30 00:28:56 +0000 2025,@Uge41429711 @DPR_RI @prabowo Baru saja menikmati gaji banyak koq suruh mundur,baru saja menikmati gaji banyak koq suruh mundur,0,0,0,0
Sat Aug 30 00:28:43 +0000 2025,Gaji anggota DPR mencapai ratusan juta setiap bulan sementara UMR di Jakarta hanya 5 4 juta. Apakah hal itu sebanding dengan kerja keras yang kita lakukan? Jelas tidak. Sementara rakyat berjuang keras mereka justru menikmati kemewahan tanpa memikirkan kepentingan rakyat.,gaji anggota dpr mencapai ratusan juta setiap bulan sementara umr di jakarta hanya 5 4 juta apakah hal itu sebanding dengan kerja keras yang kita lakukan jelas tidak sementara rakyat berjuang keras mereka justru menikmati kemewahan tanpa memikirkan kepentingan rakyat,1,0,1,0
Sat Aug 30 00:27:57 +0000 2025,kenapa gw yakin banget isu nya dibuat-buat digoreng dari yg udah ada? ya karena disinformasinya banyak banget framing cuplikan yg dipotong padahal bisa dari jauh-jauh hari demo in dpr gaji mereka juga sama aja gede dr dulu yang sekarang skema aja yg berubah,kenapa gw yakin banget isu nya dibuat buat digoreng dari yg udah ada ya karena disinformasinya banyak banget framing cuplikan yg dipotong padahal bisa dari jauh jauh hari demo in dpr gaji mereka juga sama aja gede dr dulu yang sekarang skema aja yg berubah,0,0,1,0
Sat Aug 30 00:26:57 +0000 2025, Segera cabut semua keputusan kenaikan gaji dan tunjangan anggota @DPR_RI Reshuffle kabinet bersihkan kabinet dari pengaruh Solo Copot Kapolri Makzulkan Fufufafa https://t.co/IrenYg7Igj,segera cabut semua keputusan kenaikan gaji dan tunjangan anggota reshuffle kabinet bersihkan kabinet dari pengaruh solo copot kapolri makzulkan fufufafa,22,10,7,0
Sat Aug 30 00:26:55 +0000 2025,@Ari3Ghozi @prabowo @puanmaharani_ri Setuju Prof R.Kasali seharusnya pemerintah dan DPR meninjau lagi kebijakan yg mencekik rakyat sementara mereka tampilkan gaya hidup hedon tanpa empati. Pajak naik gaji DPR naik 3jt/hari adalah contoh kebijakan yg tidak berpihak ke rakyat banyak.,setuju prof r kasali seharusnya pemerintah dan dpr meninjau lagi kebijakan yg mencekik rakyat sementara mereka tampilkan gaya hidup hedon tanpa empati pajak naik gaji dpr naik 3jt hari adalah contoh kebijakan yg tidak berpihak ke rakyat banyak,0,0,0,0
Sat Aug 30 00:26:29 +0000 2025,Lebih tepatnya mininmal punya otak etika hati nurani dan hidup tau diri. Udah dibayar sama rakyat ya kerja anjingggg jangan kebanyakan ngeluh monyet. GAJI dan TUNJANGAN DPR itu BEBAN NEGARA bukan GAJI GURU,lebih tepatnya mininmal punya otak etika hati nurani dan hidup tau diri udah dibayar sama rakyat ya kerja anjingggg jangan kebanyakan ngeluh monyet gaji dan tunjangan dpr itu beban negara bukan gaji guru,0,0,0,0
Sat Aug 30 00:26:00 +0000 2025,why do dpr glorifying themself like bitch u just ngerancang ngesahin RUU and then you think that you're super important so you need more gaji buat bayar your glamour lifestyle bills? https://t.co/vIG7iE1nDt,why do dpr glorifying themself like bitch u just ngerancang ngesahin ruu and then you think that you're super important so you need more gaji buat bayar your glamour lifestyle bills,0,0,0,0
Sat Aug 30 00:25:53 +0000 2025,gimana kalau gaji DPR sesuai UMR jakarta kena pajak penghasilan. jadi nanti yg mau jadi DPR orang yang mau bener2 mngabdi dan jadi wakil rakyat,gimana kalau gaji dpr sesuai umr jakarta kena pajak penghasilan jadi nanti yg mau jadi dpr orang yang mau bener2 mngabdi dan jadi wakil rakyat,0,0,1,0
Sat Aug 30 00:25:47 +0000 2025,@kompascom Tuntutan Rakyat yg UTAMA : TURUNKAN GAJI ANGGOTA DPR MAKSIMAL 2X UMR ITU SUDAH TAKE HOME PAY ,tuntutan rakyat yg utama turunkan gaji anggota dpr maksimal 2x umr itu sudah take home pay,0,0,0,0
Sat Aug 30 00:25:38 +0000 2025,@kegblgnunfaedh Halahhh udah berapa kali DPR berulah? Semua petinggi² kita loh hampir ga beres semua. Hal² gak masuk akal pun di buat kayak pajak dan undang² aneh pun di sahkan. Rakyat koar2 ga di dengar Puncaknya ya gara2 gaji kalian ga masuk akalll di hitungan kami,halahhh udah berapa kali dpr berulah semua petinggi kita loh hampir ga beres semua hal gak masuk akal pun di buat kayak pajak dan undang aneh pun di sahkan rakyat koar2 ga di dengar puncaknya ya gara2 gaji kalian ga masuk akalll di hitungan kami,0,0,0,0
Sat Aug 30 00:25:21 +0000 2025,kenapa harus #bubarkandpr @DPR_RI? karena tak menghasilkan solusi bagi rakyat. padahal rakyat sudah mengeluarkan banyak duit untuk gaji mereka. jumlah anggota: 580an gaji: anggap saja min 2M/bulan (bisa lebih) total 1.16T/bulan diberikan untuk orang² bodoh dan tolol. #17an,kenapa harus karena tak menghasilkan solusi bagi rakyat padahal rakyat sudah mengeluarkan banyak duit untuk gaji mereka jumlah anggota 580an gaji anggap saja min 2m bulan bisa lebih total 1 16t bulan diberikan untuk orang bodoh dan tolol,1,0,0,0
Sat Aug 30 00:25:12 +0000 2025,@msaid_didu @bang_dasco @fadlizon @Dahnilanzar @prabowo Ganti kapolri. Ganti mendagri. Potong 50% gaji DPR dan pejabat. Copot posisi wakil menteri ga guna cuma pemborosan anggaran.,ganti kapolri ganti mendagri potong 50 gaji dpr dan pejabat copot posisi wakil menteri ga guna cuma pemborosan anggaran,0,0,0,0
Sat Aug 30 00:24:21 +0000 2025,@SoniaEryka Yg hrs di bubarin itu manusia gk tau diri yg di dpr dn pejabat buta duit naikin pajak dn gaji di kondisi rakyat lg susah. Mereka itu yg hrs di bubarkan,yg hrs di bubarin itu manusia gk tau diri yg di dpr dn pejabat buta duit naikin pajak dn gaji di kondisi rakyat lg susah mereka itu yg hrs di bubarkan,0,0,0,0
Sat Aug 30 00:24:13 +0000 2025,Sabtu minggu DPR libur. Oknumnya pd kabur ke Luar Negeri dan ntah kabur ke rumah siapa di? Mereka pemerintah ga dengar. Masyarakat yg dirugikan fasilitas umum RS yg kerja warga indonesia. Jangan SARA jangan Salah sasaran. Jangan gaji pejabat dg uang pajak rakyat yg ga kerja.,sabtu minggu dpr libur oknumnya pd kabur ke luar negeri dan ntah kabur ke rumah siapa di mereka pemerintah ga dengar masyarakat yg dirugikan fasilitas umum rs yg kerja warga indonesia jangan sara jangan salah sasaran jangan gaji pejabat dg uang pajak rakyat yg ga kerja,0,0,0,0
Sat Aug 30 00:24:05 +0000 2025,@worksfess Engga Saya kerja jd Dpr terima gaji joget,engga saya kerja jd dpr terima gaji joget,0,0,0,0
Sat Aug 30 00:23:36 +0000 2025,@detikcom Berbuat lebih baik? Mudah: teriakkan pembatalan kenaikan gaji dan tunjangan anggota DPR Bisa? https://t.co/E9isg5Gz9w,berbuat lebih baik mudah teriakkan pembatalan kenaikan gaji dan tunjangan anggota dpr bisa,0,0,0,0
Sat Aug 30 00:23:31 +0000 2025,siapa yang setuju kalo aku aja yang jadi presiden? nanti dpr gaji nya cuma 15 jt perbulan (udah ikut anggaran lainnya) sekalian kalo mau jadi polisi MINIMAL S1 dan dpr MINIMAL S2. nanti kalo mau demo gpp aku bakal turun ke lapangan kita ngomong baik baik sambil minum kopi,siapa yang setuju kalo aku aja yang jadi presiden nanti dpr gaji nya cuma 15 jt perbulan udah ikut anggaran lainnya sekalian kalo mau jadi polisi minimal s1 dan dpr minimal s2 nanti kalo mau demo gpp aku bakal turun ke lapangan kita ngomong baik baik sambil minum kopi,7,2,2,0
Sat Aug 30 00:23:17 +0000 2025,Mahal ini wee ya Allah :((( Ga rela uang pajak buat byr gaji dewan tp transumnya dirusak.. sama aja dong tetep byr pajak. Anggaran DPR sama Polri ambil aja deh sama BA BUN buat bayar kerugian negara ini,mahal ini wee ya allah ga rela uang pajak buat byr gaji dewan tp transumnya dirusak sama aja dong tetep byr pajak anggaran dpr sama polri ambil aja deh sama ba bun buat bayar kerugian negara ini,0,0,0,0
Sat Aug 30 00:22:45 +0000 2025,@DPR_RI HAPUSKAN SELURUH TUNJANGAN DPR CUKUP GAJI POKOK AJA MASIH MAU GA MENGABDI UNTUK RAKYAT WAHAI SI PALING INGIN DIHORMATI?????,hapuskan seluruh tunjangan dpr cukup gaji pokok aja masih mau ga mengabdi untuk rakyat wahai si paling ingin dihormati,0,0,0,0
Sat Aug 30 00:22:42 +0000 2025,@JohnAlbertJA @msaid_didu Analoginya lucu! Tapi Uya Kuya udah klarifikasi joget itu apresiasi musisi setelah acara bukan soal gaji. Dia minta maaf dan aktif di Komisi VI DPR. Pendapat publik beda-beda ada yg kritik ada yg dukung prestasinya. Gimana menurut lu? ,analoginya lucu tapi uya kuya udah klarifikasi joget itu apresiasi musisi setelah acara bukan soal gaji dia minta maaf dan aktif di komisi vi dpr pendapat publik beda beda ada yg kritik ada yg dukung prestasinya gimana menurut lu,0,0,1,0
Sat Aug 30 00:22:22 +0000 2025,@alisyarief DPR hanya 5 thn pun dpt pensiun seumur hidup. Wahai menkeu PNS diberi pensiun rata² mrk mengabdi 30-40 thn lho! Itupun pensiunan msh dianggap beban negara. Selama mengabdi dgn gaji pokok yg kecil. Msh lbh tinggi UMP di Jabodetabek drpd gaji PNS setingkat S1 dan S2 yg nol dinas.,dpr hanya 5 thn pun dpt pensiun seumur hidup wahai menkeu pns diberi pensiun rata mrk mengabdi 30 40 thn lho itupun pensiunan msh dianggap beban negara selama mengabdi dgn gaji pokok yg kecil msh lbh tinggi ump di jabodetabek drpd gaji pns setingkat s1 dan s2 yg nol dinas,0,0,0,0
Sat Aug 30 00:22:02 +0000 2025,[GALERI] Jumat (29/08) sejumlah massa berkumpul dalam aksi #RakyatInginRevolusi di depan Gedung Dewan Perwakilan Rakyat Daerah Jawa Barat (DPRD Jabar). Aksi ini merupakan respons berbagai kesewenangan petinggi negara mulai dari gaji DPR hingga Affan Kurniawan https://t.co/WT9VBaFZ6p,galeri jumat 29 08 sejumlah massa berkumpul dalam aksi di depan gedung dewan perwakilan rakyat daerah jawa barat dprd jabar aksi ini merupakan respons berbagai kesewenangan petinggi negara mulai dari gaji dpr hingga affan kurniawan,0,0,1,0
Sat Aug 30 00:20:49 +0000 2025,@cakimiNOW Tidak bisa hanya dengan doa. Anda punya kader di dpr dprd. Lakukan yg riil. Misalnya kembalikan gaji jika merasa tdk berguna,tidak bisa hanya dengan doa anda punya kader di dpr dprd lakukan yg riil misalnya kembalikan gaji jika merasa tdk berguna,1,0,0,0
Sat Aug 30 00:20:47 +0000 2025,@DPR_RI ENAK BANGET YA LU ORG KERJA NYA CUMA TIDUR + JOGET² GADA HASIL KERJA TAPI GAJI DAN TUNJANGAN NYA SELANGIT SEDANGKAN RAKYAT MATI MATIAN KERJA UNTUK MEMBAYAR PAJAK YANG DIMANA UTK GAJI KALIAN DIKORUPSI PULA LAGI ITU JGN MENTANG MENTANG LU CUCU SOEKARNO WIBAWA LU GADA SM SEKALI,enak banget ya lu org kerja nya cuma tidur joget gada hasil kerja tapi gaji dan tunjangan nya selangit sedangkan rakyat mati matian kerja untuk membayar pajak yang dimana utk gaji kalian dikorupsi pula lagi itu jgn mentang mentang lu cucu soekarno wibawa lu gada sm sekali,0,0,0,0
Sat Aug 30 00:19:45 +0000 2025,@tempodotco DPR katanya wakil rakyat tpi suara rkyat GK prnh mereka perhatikn disuruh rkyat buat UU perampasan aset koruptor GK dibuat buat makanya rkyat marah apalagi gaji dn tunjangan mereka membebani rkyat rkyat menduga sarang korupsi ,dpr katanya wakil rakyat tpi suara rkyat gk prnh mereka perhatikn disuruh rkyat buat uu perampasan aset koruptor gk dibuat buat makanya rkyat marah apalagi gaji dn tunjangan mereka membebani rkyat rkyat menduga sarang korupsi,0,0,0,0
Sat Aug 30 00:19:28 +0000 2025,@rayestu Kemarin ada yg usul bagus: gaji pejabat dan DPR diberikan berdasarkan pengali UMR. Jadi klo mau naik gaji naikin UMR yg berarti musti naikin perekonomian.,kemarin ada yg usul bagus gaji pejabat dan dpr diberikan berdasarkan pengali umr jadi klo mau naik gaji naikin umr yg berarti musti naikin perekonomian,1,0,0,0
Sat Aug 30 00:18:35 +0000 2025,Harga beras naik. Pajak naik. Presiden teriak² efisiensi. Dana daerah buat rakyat dipotong. And here we go. Gaji DPR naik. Kalo ada yang ga marah karena hal ini fiks dia ikut kebagian duit haram itu.,harga beras naik pajak naik presiden teriak efisiensi dana daerah buat rakyat dipotong and here we go gaji dpr naik kalo ada yang ga marah karena hal ini fiks dia ikut kebagian duit haram itu,0,0,0,0
Sat Aug 30 00:17:33 +0000 2025,@KompasTV Anggota DPR yg TOLOL ga usah di kasih jabatan rugi negara gaji nya besar,anggota dpr yg tolol ga usah di kasih jabatan rugi negara gaji nya besar,0,0,0,0
Sat Aug 30 00:05:33 +0000 2025,kasian liat polisi jd berantem sm rakyat mpe ada korban jiwa akibat pemerintah malakin rakyat gaji DPR naek rakyat makin susah malah dijogetin aja. sementara anggota2 @DPR_RI yg kmrn provokasi kemarahan rakyat pd ngilang healing k luar negeri nasib bani indonesia.,kasian liat polisi jd berantem sm rakyat mpe ada korban jiwa akibat pemerintah malakin rakyat gaji dpr naek rakyat makin susah malah dijogetin aja sementara anggota2 yg kmrn provokasi kemarahan rakyat pd ngilang healing k luar negeri nasib bani indonesia,0,0,0,0
Sat Aug 30 00:05:20 +0000 2025,@RatnaPuspi16942 @KaredokLeunca__ @DPR_RI Hrsnya bgt toh gaji mrk jg dr Kita .,hrsnya bgt toh gaji mrk jg dr kita,1,0,1,0
Sat Aug 30 00:03:58 +0000 2025,@tempodotco Ini semua karna Prabowo mengusulkan kenaikan gaji anggota DPR dan memerintahkan menteri keuangan menyiapkan uang sebanyak-banyaknya untuk mereka. Rakyat salah alamat harusnya yg di demo Eksekutif bukan Legislatif.,ini semua karna prabowo mengusulkan kenaikan gaji anggota dpr dan memerintahkan menteri keuangan menyiapkan uang sebanyak banyaknya untuk mereka rakyat salah alamat harusnya yg di demo eksekutif bukan legislatif,0,0,0,0
Sat Aug 30 00:03:38 +0000 2025,@asistencamat @ganjarpranowo @puanmaharani_ri Benar banget harusnya beliau bisa menolak kenaikan gaji malah harusnya memberi usul ekonomi lagi kacau lebih baik gaji dpr setengahnya disumbangkan ke Negara,benar banget harusnya beliau bisa menolak kenaikan gaji malah harusnya memberi usul ekonomi lagi kacau lebih baik gaji dpr setengahnya disumbangkan ke negara,0,0,1,0
Sat Aug 30 00:02:41 +0000 2025,@perjalananpuan @DPR_RI @prabowo @puanmaharani_ri Mulailah dengan: Menurunkan gaji DPR (anggota DPR pastilah berduit seharusnya tdk mengandalkan gaji) Tertibkan &amp; pecat anggota DPR yg secara jelas &amp; terbuka sdh membuat perkataan yg tdk pantas Segera sah kan undang2 perampasan aset koruptor,mulailah dengan menurunkan gaji dpr anggota dpr pastilah berduit seharusnya tdk mengandalkan gaji tertibkan amp pecat anggota dpr yg secara jelas amp terbuka sdh membuat perkataan yg tdk pantas segera sah kan undang2 perampasan aset koruptor,2,0,0,0
Fri Aug 29 23:48:56 +0000 2025,Sebaiknya semua kebijakan kenaikan gaji tunjangan ini itu anggota DPR RI dibatalkan @puanmaharani_ri .,sebaiknya semua kebijakan kenaikan gaji tunjangan ini itu anggota dpr ri dibatalkan,2,1,0,0
Fri Aug 29 23:48:13 +0000 2025,@bangherwin Lucu ya Pajak dipake buat APBN APBN dipake buat gaji DPR Pajak DPR ditanggung APBN Dibolak balik logikanya-pun tidak memberikan dampak apapun! Kenapa semua orang jadi tolol gini sih,lucu ya pajak dipake buat apbn apbn dipake buat gaji dpr pajak dpr ditanggung apbn dibolak balik logikanya pun tidak memberikan dampak apapun kenapa semua orang jadi tolol gini sih,1,0,0,0
Fri Aug 29 23:47:49 +0000 2025,Minimal copot dulu tuh kapolri kalo u segitu gamaunya mundur @prabowo dan turunkan gaji dpr,minimal copot dulu tuh kapolri kalo u segitu gamaunya mundur dan turunkan gaji dpr,0,0,0,0
Fri Aug 29 23:46:47 +0000 2025,@CakKhum Mental syahroni juga mental bangsat sampai kapan kalian sebagai anggota DPR menyadari bahwa kalian dipilih dan di Gaji oleh Rakyat,mental syahroni juga mental bangsat sampai kapan kalian sebagai anggota dpr menyadari bahwa kalian dipilih dan di gaji oleh rakyat,3,0,0,0
Fri Aug 29 23:46:42 +0000 2025,Gaji tunjangan dll nguras duit pajak rakyat. Sudah pensiun masih dapat juga. Nggak sedikit rakyat yg masih lapar Otak dan perasaannya di mana ? Hanya syetan yg sanggup melakukan ini @DPR_RI @puanmaharani_ri @DPDRI https://t.co/B6VEyOiK0I,gaji tunjangan dll nguras duit pajak rakyat sudah pensiun masih dapat juga nggak sedikit rakyat yg masih lapar otak dan perasaannya di mana hanya syetan yg sanggup melakukan ini,1,0,0,0
Fri Aug 29 23:46:01 +0000 2025,@Dara_Cega Ini jadi presiden kaga ada gunanya bukan nya berdiri di depan rakyat dan memperjuangkan kesusahan rakyat malah ngumpet kayak kecoa bagus aja DPR di bubarkan sekalian pemerintahan dan kabinet nya yg gendut itu juga di bubarkan di gaji dari uang rakyat kerjanya cuma omon*...,ini jadi presiden kaga ada gunanya bukan nya berdiri di depan rakyat dan memperjuangkan kesusahan rakyat malah ngumpet kayak kecoa bagus aja dpr di bubarkan sekalian pemerintahan dan kabinet nya yg gendut itu juga di bubarkan di gaji dari uang rakyat kerjanya cuma omon,0,0,0,0
Fri Aug 29 23:45:25 +0000 2025,@prabowo Gaji mrk berdasarkan UMR Dan bayarkan tunjangan mereka secara natura. Kami berharap yg mau jadi anggota DPR nanti adalah org2 yg motivasinya mengabdi buat negeri bukan motivasi utama mencari penghasilan!,gaji mrk berdasarkan umr dan bayarkan tunjangan mereka secara natura kami berharap yg mau jadi anggota dpr nanti adalah org2 yg motivasinya mengabdi buat negeri bukan motivasi utama mencari penghasilan,0,0,1,0
Fri Aug 29 23:44:38 +0000 2025,@BebekShuba Apa bedanya dia sama DPR yang arogan? Beda di nominal gaji?,apa bedanya dia sama dpr yang arogan beda di nominal gaji,0,0,0,0
Fri Aug 29 23:44:33 +0000 2025,mulut2 mereka ini emang yg jadi pemicu udahmah rakyat lagi marah liat kenaikan gaji DPR korupsi pajak naik segala macem eh denger mereka mulutnya lemes joget2,mulut2 mereka ini emang yg jadi pemicu udahmah rakyat lagi marah liat kenaikan gaji dpr korupsi pajak naik segala macem eh denger mereka mulutnya lemes joget2,0,1,1,0
Fri Aug 29 23:43:36 +0000 2025,Kalo gaji anggota DPR ikut skema UMR apa masih banyak orang mau nyaleg @DPR_RI ?,kalo gaji anggota dpr ikut skema umr apa masih banyak orang mau nyaleg,0,0,0,0
Fri Aug 29 23:43:31 +0000 2025,@KompasTV Tuntutan Rakyat yg UTAMA : TURUNKAN GAJI ANGGOTA DPR MAKSIMAL 2X UMR ITU SUDAH TAKE HOME PAY ,tuntutan rakyat yg utama turunkan gaji anggota dpr maksimal 2x umr itu sudah take home pay,1,0,0,0
Fri Aug 29 23:43:00 +0000 2025,@OposisiCerdas tetap dpr gaji ratusan juta sebulan,tetap dpr gaji ratusan juta sebulan,0,0,0,0
Fri Aug 29 23:42:43 +0000 2025,@Cocottetanggaa @LexWu_13 Ya lo marahinnya keyang ACC kenaikan lah? Lo pernah kerja di perusahaan kan? Pasti yg naekin gaji lo ya FAD bukan komi pengawas. Yg narkin gaji personil negara ya bkn dpr tapi menkeu.selidiki dia,ya lo marahinnya keyang acc kenaikan lah lo pernah kerja di perusahaan kan pasti yg naekin gaji lo ya fad bukan komi pengawas yg narkin gaji personil negara ya bkn dpr tapi menkeu selidiki dia,0,0,1,0
Fri Aug 29 23:38:24 +0000 2025,Faktor yang membuat rakyat marah ke DPR salah satunya adalah gaji mereka yang selangit dengan tunjangan yang tidak perlu2 banget ditambah pajak mereka negara yg tanggung. Apalagi mereka joget2 makin marahlah rakyat. Ya itulah yg kalian pilih. Hasil banson dan uang 100.000,faktor yang membuat rakyat marah ke dpr salah satunya adalah gaji mereka yang selangit dengan tunjangan yang tidak perlu2 banget ditambah pajak mereka negara yg tanggung apalagi mereka joget2 makin marahlah rakyat ya itulah yg kalian pilih hasil banson dan uang 100 000,0,0,0,0
Fri Aug 29 23:37:54 +0000 2025,ini baru tunjangan DPR masih ada yg blm dihitung tunjangan menteri wakil menteri ukp dan stafsus T.T yg dibilang oleh mereka gaji pengabdian itu (saking sedikitnya bagi mereka) klo pengabdian kenapa ga langsung aja dibagi bagiin ke guru honorer dan nakes T.T,ini baru tunjangan dpr masih ada yg blm dihitung tunjangan menteri wakil menteri ukp dan stafsus t t yg dibilang oleh mereka gaji pengabdian itu saking sedikitnya bagi mereka klo pengabdian kenapa ga langsung aja dibagi bagiin ke guru honorer dan nakes t t,0,0,0,0
Fri Aug 29 23:36:50 +0000 2025,percuma kalian marah marah bilang kenapa gaji dpr dinaikin? buset gaji dpr sehari 3 juta LAHH KOCAKKKK liatt visi misi nya noh meningkatkan gaji gaji semua pejabat MAMAM TUUU https://t.co/565DnsRHzi,percuma kalian marah marah bilang kenapa gaji dpr dinaikin buset gaji dpr sehari 3 juta lahh kocakkkk liatt visi misi nya noh meningkatkan gaji gaji semua pejabat mamam tuuu,0,0,0,0
Fri Aug 29 23:36:25 +0000 2025,aku baru nonton cuplikan video anggota dpr yg gamau dibandingin gajinya sama orang yg gajinya umr mana awalnya dia bilang gabisa dong mba bandingin gaji saya wahara jelata seperti tukang becak dan buruh sebelum saya gabung ke dpr aja gaki saya udah 80 jt ,aku baru nonton cuplikan video anggota dpr yg gamau dibandingin gajinya sama orang yg gajinya umr mana awalnya dia bilang gabisa dong mba bandingin gaji saya wahara jelata seperti tukang becak dan buruh sebelum saya gabung ke dpr aja gaki saya udah 80 jt,0,0,1,0
Fri Aug 29 23:36:11 +0000 2025,Kemarin agak mikir ini perlu kah atau tidak demi inklusive untuk yg gagal dapat s1 dll Ku rasa baiknya mereka harus minimal s2 demi tercapainya orang orang yg tidak mendapatkan pendidikan yg layak menjadi layak tentunya gaji anggota dpr sebatas UMR non tunjangan,kemarin agak mikir ini perlu kah atau tidak demi inklusive untuk yg gagal dapat s1 dll ku rasa baiknya mereka harus minimal s2 demi tercapainya orang orang yg tidak mendapatkan pendidikan yg layak menjadi layak tentunya gaji anggota dpr sebatas umr non tunjangan,0,0,2,0
Fri Aug 29 23:35:32 +0000 2025,Kalo gaji dpr kecil masi ada yg mau jadi dpr ga,kalo gaji dpr kecil masi ada yg mau jadi dpr ga,0,0,0,0
Fri Aug 29 23:35:31 +0000 2025,@pnugroho28 Katanya mereka Dewan perwakilan rakyat tapi apa yg mereka telah lakukan buat rakyat? TIDAK ADA Yg ada menghabiskan uang pajak negara utk bayar gaji 580 anggota DPR RI. Sedangkan masih banyak yang perlu di benahi di negara Indonesia.,katanya mereka dewan perwakilan rakyat tapi apa yg mereka telah lakukan buat rakyat tidak ada yg ada menghabiskan uang pajak negara utk bayar gaji 580 anggota dpr ri sedangkan masih banyak yang perlu di benahi di negara indonesia,1,0,1,0
Fri Aug 29 23:29:30 +0000 2025,Salahkan dia mbak @DPR_RI disaat kesenjangan sosial masih menjadi PR besar bangsa ini malah naikin pajak buat gaji mereka. Padahal masih banyak rakyat miskin yang harus dipikirkan nasibnya.,salahkan dia mbak disaat kesenjangan sosial masih menjadi pr besar bangsa ini malah naikin pajak buat gaji mereka padahal masih banyak rakyat miskin yang harus dipikirkan nasibnya,1,0,0,0
Fri Aug 29 23:29:00 +0000 2025,dpr gaji sebesar itu ada masalah malah kabur bukan cari solusi rakyat saja klo interview kerja: potensi apa yg bisa km tawarkan ke perusahaan supaya kami bisa menggaji anda sebesar itu. Kalian @DPR_RI digaji gede buat cari solusi gimana supaya negara ini maju ,dpr gaji sebesar itu ada masalah malah kabur bukan cari solusi rakyat saja klo interview kerja potensi apa yg bisa km tawarkan ke perusahaan supaya kami bisa menggaji anda sebesar itu kalian digaji gede buat cari solusi gimana supaya negara ini maju,0,0,0,0
Fri Aug 29 23:28:42 +0000 2025,temen² yg p*lisi ngerti gak sih? wakil rakyat asn polri tni pokoknya yg dipemerintahan emng selalu jadi sasaran empuk krn gaji dr pajak. tp tau gak bedanya ? bedanya kalo asn mengakui dalam mereka itu busuk.,temen yg p lisi ngerti gak sih wakil rakyat asn polri tni pokoknya yg dipemerintahan emng selalu jadi sasaran empuk krn gaji dr pajak tp tau gak bedanya bedanya kalo asn mengakui dalam mereka itu busuk,0,0,1,0
Fri Aug 29 23:28:24 +0000 2025,kalau terus kayaa gini dan gaada itikat baik dari pemerintah untuk menghapus keputusannya mengenai naiknya gaji dpr yang dimana gaji mereka itu dari pajak yg dibayar oleh rakyat kalau kayaa gini ngapain bayar pajak kalau uangnya malah dipake buat bayar gaji fantastis ke dpr,kalau terus kayaa gini dan gaada itikat baik dari pemerintah untuk menghapus keputusannya mengenai naiknya gaji dpr yang dimana gaji mereka itu dari pajak yg dibayar oleh rakyat kalau kayaa gini ngapain bayar pajak kalau uangnya malah dipake buat bayar gaji fantastis ke dpr,0,0,0,0
Fri Aug 29 23:28:19 +0000 2025,@pnugroho28 Kenapa mahasiswa pendemo dan semua yg ikut demo gak jarah rumah DPR RI coba Gaji 250juta per bulan tdk bayar pajak eh mana pda kabur ke luar negeri.,kenapa mahasiswa pendemo dan semua yg ikut demo gak jarah rumah dpr ri coba gaji 250juta per bulan tdk bayar pajak eh mana pda kabur ke luar negeri,3,0,1,0
Fri Aug 29 23:28:14 +0000 2025,@prabowo Mkanya hati ambil keputusan pak jangan asal.. Gaji DPR luar biasa gaji UMR untuk rakyat serta PNS dan Nakes nauzubillah... + hakim naik.. 280 persen.. Rasa keadilan nya dimana... Bapak ku yg terhormat,mkanya hati ambil keputusan pak jangan asal gaji dpr luar biasa gaji umr untuk rakyat serta pns dan nakes nauzubillah hakim naik 280 persen rasa keadilan nya dimana bapak ku yg terhormat,0,0,0,0
Fri Aug 29 23:27:15 +0000 2025,@esomeprazole__ @Fitriayo8 Kalo cuma sekedar kritik aja mah harmles. UMR kan berbeda tiap propinsi jd bkn urusan DPR sepenuhnya. Ngapain ngurus gaji pejabat urus yg korupsi aja. Makanya jd pejabat biar gajinya gede.,kalo cuma sekedar kritik aja mah harmles umr kan berbeda tiap propinsi jd bkn urusan dpr sepenuhnya ngapain ngurus gaji pejabat urus yg korupsi aja makanya jd pejabat biar gajinya gede,0,0,0,0
Fri Aug 29 23:27:05 +0000 2025,@senjatanuklir @barengwarga @wordfangs @BudiBukanIntel @sighyam Anggota DPR Konoha belanja di luar negeri di saat rakyat menyampaikan aspirasinya ngadu ke ketum Partai percuma people power yg bisa jatuhin kl anggota DPR gaji 30jt nett dana reses/aspirasi sistem claim/ambil sisa balikin pada mau ga ya? Ini aja usulin ga usah bubar,anggota dpr konoha belanja di luar negeri di saat rakyat menyampaikan aspirasinya ngadu ke ketum partai percuma people power yg bisa jatuhin kl anggota dpr gaji 30jt nett dana reses aspirasi sistem claim ambil sisa balikin pada mau ga ya ini aja usulin ga usah bubar,0,0,0,0
Fri Aug 29 23:26:51 +0000 2025,@kompascom Balik ke akar masalahnya utk meredam: batalkan itu kenaikan gaji+tunjangan DPR Pak @prabowo @puanmaharani_ri ini bener2 bikin rakyat marah badai PHK menghantam dan kalian nirempati ,balik ke akar masalahnya utk meredam batalkan itu kenaikan gaji tunjangan dpr pak ini bener2 bikin rakyat marah badai phk menghantam dan kalian nirempati,0,0,0,0
Fri Aug 29 23:25:44 +0000 2025,Gajimu onok pajak e sisan sedangkan gaji wong2 sampah nang gedung2 dpr ditanggung negoro. Kon iku yo diplokoto cok.,gajimu onok pajak e sisan sedangkan gaji wong2 sampah nang gedung2 dpr ditanggung negoro kon iku yo diplokoto cok,0,0,1,0
Fri Aug 29 23:25:30 +0000 2025,@di_cbn 3 hari offline ga diperbaiki teamnya pada kemana? macam DPR aj makan gaji buta,3 hari offline ga diperbaiki teamnya pada kemana macam dpr aj makan gaji buta,0,0,0,0
Fri Aug 29 23:22:56 +0000 2025,@prabowo 1. Dalam pidatonya tidak singgung gaji DPR yg awal masalah demo 2. Lambat tesponnya sudah ada korban baru respon kalo cepat respon tidak terjadi korban,1 dalam pidatonya tidak singgung gaji dpr yg awal masalah demo 2 lambat tesponnya sudah ada korban baru respon kalo cepat respon tidak terjadi korban,0,0,0,0
Fri Aug 29 23:21:39 +0000 2025,@bintangtsabit_ Halo! Demo di Indonesia akhir-akhir ini dipicu kematian Affan Kurniawan oleh kendaraan polisi serta isu gaji DPR tinggi (50 juta rupiah tunjangan) inflasi pengangguran dan korupsi. Pemerintahan Prabowo hadapi ujian awal; ia minta tenang &amp; investigasi transparan polisi tahan,halo demo di indonesia akhir akhir ini dipicu kematian affan kurniawan oleh kendaraan polisi serta isu gaji dpr tinggi 50 juta rupiah tunjangan inflasi pengangguran dan korupsi pemerintahan prabowo hadapi ujian awal ia minta tenang amp investigasi transparan polisi tahan,0,0,0,0
Fri Aug 29 23:21:27 +0000 2025,@tempodotco Kami siap menurunkan gaji dan tunjangan kami menjadi sebesar-besarnya 3 kali Upah Minimum Jakarta. Kami tidak akan menerima penghasilan lain di luar gaji dan tunjangan kami. Kami akan menolak jika diberikan tugas di luar tanggung jawab kami sebagai wakil rakyat. Berani Bu?,kami siap menurunkan gaji dan tunjangan kami menjadi sebesar besarnya 3 kali upah minimum jakarta kami tidak akan menerima penghasilan lain di luar gaji dan tunjangan kami kami akan menolak jika diberikan tugas di luar tanggung jawab kami sebagai wakil rakyat berani bu,0,0,0,0
Fri Aug 29 23:21:21 +0000 2025,GAJI DPR NAEK JUGA GA MENGUNTUNGKAN KITA,gaji dpr naek juga ga menguntungkan kita,0,0,0,0
Fri Aug 29 23:20:12 +0000 2025,oh gaji dpr naik buat nyewa lc ternyata,oh gaji dpr naik buat nyewa lc ternyata,0,0,0,0
Fri Aug 29 23:19:31 +0000 2025,@sigit_wicaks Kami siap menurunkan gaji dan tunjangan kami menjadi sebesar-besarnya 4 kali Upah minimum Jakarta. Dan kami tidak akan menerima penghasilan lain di luar gaji dan tunjangan kami. Dan kami akan menolak jika diberikan tugas di luar tanggung jawab kami sebagai wakil rakyat. ,kami siap menurunkan gaji dan tunjangan kami menjadi sebesar besarnya 4 kali upah minimum jakarta dan kami tidak akan menerima penghasilan lain di luar gaji dan tunjangan kami dan kami akan menolak jika diberikan tugas di luar tanggung jawab kami sebagai wakil rakyat,0,0,1,0
Fri Aug 29 23:15:35 +0000 2025,Kebiri gaji guru ae gampang banget.. hapus tunjangan susah banget #BubarkanDPR,kebiri gaji guru ae gampang banget hapus tunjangan susah banget,0,0,0,0
Fri Aug 29 23:15:18 +0000 2025,@DPR_RI Wooi mak lampir utamakan kesejahteraan rakyat hapus kenaikan pajak hapus kenaikan gaji dpr sanksi tuh dpr yg joget²,wooi mak lampir utamakan kesejahteraan rakyat hapus kenaikan pajak hapus kenaikan gaji dpr sanksi tuh dpr yg joget,0,0,0,0
Fri Aug 29 23:15:06 +0000 2025,Kemarin bilang lah kan kita artis ada musik ya joget Ko sekarang tiba2 jadi mengapresiasi aja Kenapa? Takut dihujat sama rakyat ya? Sebenarnya narasi ttg joget sesaat sidang itu dikaitkan sama gaji dpr yg makin gede sah2 aja emg nyatanya kalian seneng kan? #dprbebanrakyat,kemarin bilang lah kan kita artis ada musik ya joget ko sekarang tiba2 jadi mengapresiasi aja kenapa takut dihujat sama rakyat ya sebenarnya narasi ttg joget sesaat sidang itu dikaitkan sama gaji dpr yg makin gede sah2 aja emg nyatanya kalian seneng kan,2,1,0,0
Fri Aug 29 23:14:45 +0000 2025,DPR tuh gaji sebulan 100 juta mah receh buat mereka. Ibaratnya cuman buat ngegaji pegawe doang itu mah. Tujuan ngejabat juga buat lancarin proyek pribadi satset. Manusia itu kalo dikasih kekuasaan ngeri. Berasa jadi Tuhan mereka. Padahal cuma pasukan Fir'aun.,dpr tuh gaji sebulan 100 juta mah receh buat mereka ibaratnya cuman buat ngegaji pegawe doang itu mah tujuan ngejabat juga buat lancarin proyek pribadi satset manusia itu kalo dikasih kekuasaan ngeri berasa jadi tuhan mereka padahal cuma pasukan fir'aun,0,0,0,0
Fri Aug 29 23:14:43 +0000 2025,@tempodotco Reset DPR gaji UMR DPR turunkan pajak yg mencekik rakyat.,reset dpr gaji umr dpr turunkan pajak yg mencekik rakyat,0,0,0,0
Fri Aug 29 23:14:42 +0000 2025,Yang elo @prabowo harus Efisiensi itu GAJI dan Tunjangan2 Anggota DPR Bukan Program2 Rakyat yg elo Potong https://t.co/Q7X0FNLt91,yang elo harus efisiensi itu gaji dan tunjangan2 anggota dpr bukan program2 rakyat yg elo potong,1,0,0,0
Fri Aug 29 23:14:24 +0000 2025,Pak minimal pake hati liat ini pak jangan di goblokin DPRD dan Mentri2 gak guna punya bapak copot mereka sudah menghina rakyat yang justru yang bayar gaji mereka @prabowo,pak minimal pake hati liat ini pak jangan di goblokin dprd dan mentri2 gak guna punya bapak copot mereka sudah menghina rakyat yang justru yang bayar gaji mereka,0,0,0,0
Fri Aug 29 23:14:21 +0000 2025,@IndoPopBase DPRD itu asli gk ada gunanya saat mereka pro warga pun gk punya power apapun cuma nebeng gaji dan tunjangan doang. mending bakar kantor polisi terdekat biar mereka gk dikirim ke jakarta buat tenaga bantuan,dprd itu asli gk ada gunanya saat mereka pro warga pun gk punya power apapun cuma nebeng gaji dan tunjangan doang mending bakar kantor polisi terdekat biar mereka gk dikirim ke jakarta buat tenaga bantuan,0,0,0,0
Fri Aug 29 23:14:17 +0000 2025,wong dpr iki penak men gaji gede kerja wfh tapi iso jalan jalan pas orang lagi demo maksude opo nek pas mbiyen covid ketauan karyawan wfh tapi jalan jalan pasti kena sp atau dipecat mundur @DPR_RI kalian ga pantes dapet tunjangan besar tapi kerja ga bener malah jalan jalan,wong dpr iki penak men gaji gede kerja wfh tapi iso jalan jalan pas orang lagi demo maksude opo nek pas mbiyen covid ketauan karyawan wfh tapi jalan jalan pasti kena sp atau dipecat mundur kalian ga pantes dapet tunjangan besar tapi kerja ga bener malah jalan jalan,0,0,0,0
Fri Aug 29 23:14:12 +0000 2025,Prabowo masih diem aja ya?? Ngmg cuma belasungkawa meninggalny Affan. Ya itu penting tpi dia muncul krna Affan yg viral pdhl yg korban lain medis jdi korban cocote masih meneng gada rasa mau berhentiin sumber masalah knp pd demo? Ubah sistem ubah aturan turunin gaji dpr,prabowo masih diem aja ya ngmg cuma belasungkawa meninggalny affan ya itu penting tpi dia muncul krna affan yg viral pdhl yg korban lain medis jdi korban cocote masih meneng gada rasa mau berhentiin sumber masalah knp pd demo ubah sistem ubah aturan turunin gaji dpr,0,0,0,0
Fri Aug 29 23:13:50 +0000 2025,@komedigelaap Di suruh bubar DPR keenakan gaji besar kerja molor,di suruh bubar dpr keenakan gaji besar kerja molor,0,0,0,0
Fri Aug 29 23:13:20 +0000 2025,@tempodotco 1. Jadikan alokasi gaji/anggaran DPR setara dengan ASN lain 2. Tutup semua celah utk korupsi sebagai anggota dewan 3. Syarat nyaleg sudah punya pengalaman kerja nyata 1+2+3 = ngga ada manfaat finansial jadi anggota dewan; menyaring bakal caleg hanya orang2 yg betul2 mau mengabdi,1 jadikan alokasi gaji anggaran dpr setara dengan asn lain 2 tutup semua celah utk korupsi sebagai anggota dewan 3 syarat nyaleg sudah punya pengalaman kerja nyata 1 2 3 ngga ada manfaat finansial jadi anggota dewan menyaring bakal caleg hanya orang2 yg betul2 mau mengabdi,17,3,0,0
Fri Aug 29 23:12:30 +0000 2025,@buyungaqua @yappingfess Yg naikin gaji DPR siapa hayoo,yg naikin gaji dpr siapa hayoo,0,0,0,0
Fri Aug 29 23:12:04 +0000 2025,Anggota DPR @DPR_RI gak ada yg muncul menemui rakyat buat dialog ?? Bahkan akun sahroni pun gak bisa di tag beneran cemen bgt payah bgt anggota DPR gak malu apa yah dpt gaji dari pajaknya rakyat loh Kalian @DPR_RI ini sebenernya wakil siapa sih ?? GILA,anggota dpr gak ada yg muncul menemui rakyat buat dialog bahkan akun sahroni pun gak bisa di tag beneran cemen bgt payah bgt anggota dpr gak malu apa yah dpt gaji dari pajaknya rakyat loh kalian ini sebenernya wakil siapa sih gila,0,0,0,0
Fri Aug 29 23:11:46 +0000 2025,@anggarasamvdr @biancaalterjog @Ipang9_ @tanyarlfes Tandanya negara butuh reformation sekali lagi. Kamu mau negara kita chaos terus kayak kemaren? Pajak tinggi gaji dpr tinggi tp gaji guru rendah. Atau hidup kamu ga tersentuh kebijakan itu? Seneng ya hidup enak?,tandanya negara butuh reformation sekali lagi kamu mau negara kita chaos terus kayak kemaren pajak tinggi gaji dpr tinggi tp gaji guru rendah atau hidup kamu ga tersentuh kebijakan itu seneng ya hidup enak,11,0,0,0
Fri Aug 29 23:10:42 +0000 2025,@geloraco Tuntutan Rakyat yg UTAMA : TURUNKAN GAJI ANGGOTA DPR MAKSIMAL 2X UMR ITU SUDAH TAKE HOME PAY ,tuntutan rakyat yg utama turunkan gaji anggota dpr maksimal 2x umr itu sudah take home pay,0,0,0,0
Fri Aug 29 23:04:41 +0000 2025,Yo bro lo semua emang sekumpulan pecundang yang mau hidupnya enak aja kemarin ngatain warga yang pake tagar kabur aja dulu gak cinta NKRI. Gaji udah gede masa gak mampu beli air boss? @DPR_RI minimal kalau bodoh tuh jangan sampe ke tulang sumsum banget. @prabowo urus bawahan lo. https://t.co/NKpvuc3leh,yo bro lo semua emang sekumpulan pecundang yang mau hidupnya enak aja kemarin ngatain warga yang pake tagar kabur aja dulu gak cinta nkri gaji udah gede masa gak mampu beli air boss minimal kalau bodoh tuh jangan sampe ke tulang sumsum banget urus bawahan lo,0,0,0,0
Fri Aug 29 23:04:02 +0000 2025,Ayo mahasiswa buruh dan semua yang ikut demo kenapa kalian tidak menjarah rumah anggota DPR coba. Ide yg bagus ini. Drpda chindo Chindo masih bayar pajak untuk negara lah DPR RI tunjangan 50 juta per bulan gaji tembus 250 juta per bulan tapi Tidak bayar pajak.,ayo mahasiswa buruh dan semua yang ikut demo kenapa kalian tidak menjarah rumah anggota dpr coba ide yg bagus ini drpda chindo chindo masih bayar pajak untuk negara lah dpr ri tunjangan 50 juta per bulan gaji tembus 250 juta per bulan tapi tidak bayar pajak,2,0,0,0
Fri Aug 29 23:03:39 +0000 2025,Dengan 575 anggota DPR kalau rata-rata Rp90 juta/bulan negara keluar lebih dari 50 miliar/bulan hanya untuk gaji pokok DPR belum tunjangan fasilitas perjalanan dinas dll. Ini tentu menjadi beban APBN yang berasal dari pajak rakyat.,dengan 575 anggota dpr kalau rata rata rp90 juta bulan negara keluar lebih dari 50 miliar bulan hanya untuk gaji pokok dpr belum tunjangan fasilitas perjalanan dinas dll ini tentu menjadi beban apbn yang berasal dari pajak rakyat,0,0,0,0
Fri Aug 29 23:01:29 +0000 2025,@Olikotor_ @KPK_RI @prabowo Anggaran minta naik gede tahun depan masa terlewatkan pemeriksaan @KPK_RI @BPK_RI Kalian juga periksalah apakah @DPR_RI bener butuh gaji segitu besar dan apa dampaknya ke rakyat?,anggaran minta naik gede tahun depan masa terlewatkan pemeriksaan kalian juga periksalah apakah bener butuh gaji segitu besar dan apa dampaknya ke rakyat,1,0,0,0
Fri Aug 29 23:00:33 +0000 2025,@abu_waras @prabowo Bapak kurang peka &amp; tak menyadari bhw demo bermula dari pernyataan Srie Mulyani terkait pernyataannya 'Guru adalah Beban Negara' kemudian naiknya berbagai macam pajak buat rakyat disaat yg sama gaji &amp; tunjangan @DPR_RI naik ber-lipat² selain itu rakyat minta Adili Jokowi.,bapak kurang peka amp tak menyadari bhw demo bermula dari pernyataan srie mulyani terkait pernyataannya 'guru adalah beban negara' kemudian naiknya berbagai macam pajak buat rakyat disaat yg sama gaji amp tunjangan naik ber lipat selain itu rakyat minta adili jokowi,11,1,0,0
Fri Aug 29 23:00:26 +0000 2025,@DPR_RI bodoh lgsg aja masuk substansinya: mencabut tambahan gaji dan fasilitas di kala rakyat susah Sah kan RUU Perampasan Aset Sah kan hukuman mati untuk koruptor,bodoh lgsg aja masuk substansinya mencabut tambahan gaji dan fasilitas di kala rakyat susah sah kan ruu perampasan aset sah kan hukuman mati untuk koruptor,2,0,0,0
Fri Aug 29 23:00:19 +0000 2025,Asik bener bu gaada empatinya ciih. Asik ga bu jalan² pake uang hasil dari rakyat? Noh bu salah satu penyumbang gaji buat kalian anggota DPR gugur gara² ulah polisi &amp; mulut lemes suamimu,asik bener bu gaada empatinya ciih asik ga bu jalan pake uang hasil dari rakyat noh bu salah satu penyumbang gaji buat kalian anggota dpr gugur gara ulah polisi amp mulut lemes suamimu,0,0,0,0
Fri Aug 29 23:00:07 +0000 2025,@DS_yantie tapi tetap anggota dpr gaji ratusan juta sebulan,tapi tetap anggota dpr gaji ratusan juta sebulan,0,0,0,0
Fri Aug 29 22:59:42 +0000 2025,@drReUtari08 @prabowo Pres hrs cepat nyatakan Kenaikan Gaji DPR tdk bisa dilanjutkan. Itu wewenang Pres. Jgn omon2 saja. Lalu buka evaluasi online anggota @DPR_RI oleh rakyat. Tiap anggota DPR yg tidak melakukan apapun untuk kesejahteraan rakyat Partai harus segera mengganti anggota tersebut!,pres hrs cepat nyatakan kenaikan gaji dpr tdk bisa dilanjutkan itu wewenang pres jgn omon2 saja lalu buka evaluasi online anggota oleh rakyat tiap anggota dpr yg tidak melakukan apapun untuk kesejahteraan rakyat partai harus segera mengganti anggota tersebut,1,0,0,0
Fri Aug 29 22:59:36 +0000 2025,@msaid_didu at this point saya gak masalah mau ditunggangi siapa aja. yg penting orang yg naikin gaji DPR yg bikin kas negara kosong gara2 MBG yang bikin data BPS bohong harus turun dulu,at this point saya gak masalah mau ditunggangi siapa aja yg penting orang yg naikin gaji dpr yg bikin kas negara kosong gara2 mbg yang bikin data bps bohong harus turun dulu,0,0,0,0
Fri Aug 29 22:58:19 +0000 2025,@kesieaaaa emang harusnya gitu. rakyat biasa aja semuanya digabung di dalem gaji masa buat DPR boleh dipisah-pisah. pejabat negara emang seharusnya ga hidup bermewah mewah but somehow we all got brainwashed into thinking likeso,emang harusnya gitu rakyat biasa aja semuanya digabung di dalem gaji masa buat dpr boleh dipisah pisah pejabat negara emang seharusnya ga hidup bermewah mewah but somehow we all got brainwashed into thinking likeso,1,0,0,0
Fri Aug 29 22:56:55 +0000 2025,Jangan mau terprovokasi ya rakyat. Ingat tujuan awal cuma minta keadilan. Biar disegerakan koruptor dihukum mati &amp; aset korupsinya diambil alih negara buat rakyat. Gaji anggota dewan hrs masuk akal. Budaya malu hrs digencarkan. Apa bedanya Kita dgn anggota DPR jika anarkis? https://t.co/fTQrOqBN6l,jangan mau terprovokasi ya rakyat ingat tujuan awal cuma minta keadilan biar disegerakan koruptor dihukum mati amp aset korupsinya diambil alih negara buat rakyat gaji anggota dewan hrs masuk akal budaya malu hrs digencarkan apa bedanya kita dgn anggota dpr jika anarkis,1,0,0,0
Fri Aug 29 22:56:10 +0000 2025,@somexthread Tuntutan Rakyat yaitu: TURUNKAN GAJI DPR MAKSIMAL 2X UMR ITU SUDAH TAKE HOME PAY ,tuntutan rakyat yaitu turunkan gaji dpr maksimal 2x umr itu sudah take home pay,3,0,0,0
Fri Aug 29 22:55:48 +0000 2025,@ganjarpranowo 5. TURUNKAN gaji dan tunjangan anggota DPR dengan batas maksimal sembilan kali Upah Minimum Regional (UMR) disertai kejelasan dan transparansi besaran gaji.,5 turunkan gaji dan tunjangan anggota dpr dengan batas maksimal sembilan kali upah minimum regional umr disertai kejelasan dan transparansi besaran gaji,0,0,1,0
Fri Aug 29 22:55:42 +0000 2025,@Adrianussatrio DPR kabor joget2 naik gaji sialan....,dpr kabor joget2 naik gaji sialan,0,0,0,0
Fri Aug 29 22:54:38 +0000 2025,maksudnya yang anjing pemerintahan ini yang tidak beriman bertakwa tidak melihat mendengar tidak semua semuanya. taunya memberatkan masyarakat dan menaikkan gaji dpr yang kerjaaannya aja gak keliatan,maksudnya yang anjing pemerintahan ini yang tidak beriman bertakwa tidak melihat mendengar tidak semua semuanya taunya memberatkan masyarakat dan menaikkan gaji dpr yang kerjaaannya aja gak keliatan,0,0,0,0
Fri Aug 29 22:50:17 +0000 2025,Lulus SMA bisa duduk di DPR dengan gaji ratusan juta. Sementara rakyat yang mencari kerja syaratnya : lulusan minimal s1 usia max 25 harus menguasai lima elmen bumi harus miliki jurus seribu bayangan harus punya sabar seluas angkasa dengan gaji yang tak seberapa.,lulus sma bisa duduk di dpr dengan gaji ratusan juta sementara rakyat yang mencari kerja syaratnya lulusan minimal s1 usia max 25 harus menguasai lima elmen bumi harus miliki jurus seribu bayangan harus punya sabar seluas angkasa dengan gaji yang tak seberapa,0,0,0,0
Fri Aug 29 22:50:04 +0000 2025,@prabowo @Gerindra gagalkan kenaikan gaji dan tunjangan DPR Jgn budeg buta tuli kpd bangsa. Untuk kepentingan rakyat spt utk kesehatan kamu efisiensi tp utk DPR kamu ugal ugalan. https://t.co/EEPKS8l9G0,gagalkan kenaikan gaji dan tunjangan dpr jgn budeg buta tuli kpd bangsa untuk kepentingan rakyat spt utk kesehatan kamu efisiensi tp utk dpr kamu ugal ugalan,1,0,0,0
Fri Aug 29 22:50:01 +0000 2025,@tqdrlaziz @puri__nim @IndoPopBase gak bisa bubarin klo bubar prabowo makin kuat abuse of power nanti lebih baik turunkan tunjangan DPR gak boleh lebih dari 3x gaji rata2 misalnya,gak bisa bubarin klo bubar prabowo makin kuat abuse of power nanti lebih baik turunkan tunjangan dpr gak boleh lebih dari 3x gaji rata2 misalnya,1,0,0,0
Fri Aug 29 22:48:39 +0000 2025,@tempodotco Gak usah dibubarkan! RAKYAT HANYA MEMINTA MAKSIMAL GAJI DPR 2X UMR!!! ITU SUDAH TAKE HOME PAY!!!,gak usah dibubarkan rakyat hanya meminta maksimal gaji dpr 2x umr itu sudah take home pay,0,0,0,0
Fri Aug 29 22:47:29 +0000 2025,@prabowo Waalaikumussalam Bapak Presiden RI.Betul Bapak kami Rakyat kecil protes dengan ketidakadilan yg terjadi.Para Pejabat hidup mewah sementara Rakyat sengsara.Mohon Bapak Pejabat yg demikian diganti dan kurangi Gaji para Anggota DPR.Semoga ALLAH SWT Melindungi Bapak dlm memimpin RI,waalaikumussalam bapak presiden ri betul bapak kami rakyat kecil protes dengan ketidakadilan yg terjadi para pejabat hidup mewah sementara rakyat sengsara mohon bapak pejabat yg demikian diganti dan kurangi gaji para anggota dpr semoga allah swt melindungi bapak dlm memimpin ri,0,0,0,0
Fri Aug 29 22:46:49 +0000 2025,Indonesia dikenal sebagai negara tersantai dan ga baperan bukan berarti sampe milih presiden lu harus se bercanda ini tolol. skrg semua kena getahnya and slowly we ll burn together. dari dia naikkin gaji dpr &gt; demo &gt; aparat ngebunuh OJOL YG BUKAN DEMONSTRAN &gt; demo makin chaos,indonesia dikenal sebagai negara tersantai dan ga baperan bukan berarti sampe milih presiden lu harus se bercanda ini tolol skrg semua kena getahnya and slowly we ll burn together dari dia naikkin gaji dpr gt demo gt aparat ngebunuh ojol yg bukan demonstran gt demo makin chaos,0,0,0,0
Fri Aug 29 22:45:39 +0000 2025,@elsyandria Selama ini @DPR_RI @puanmaharani_ri budek tidak pernah dengerin aspirasi rakyat malah wakil rakyat pertontonkan gaji dan fasilitas mewah dengan hidup hedon bahkan rakyatpun dibilang tolol sementara pemerintah buat aturan yg mencekik rakyat yg sudah sangat sulit,selama ini budek tidak pernah dengerin aspirasi rakyat malah wakil rakyat pertontonkan gaji dan fasilitas mewah dengan hidup hedon bahkan rakyatpun dibilang tolol sementara pemerintah buat aturan yg mencekik rakyat yg sudah sangat sulit,1,0,0,0
Fri Aug 29 22:44:49 +0000 2025,Mental siapa yang rusak? Dan siapa yang tolol? Dia lupa DPR disana ada karena ada suara rakyat maka rakyat berhak untuk membubarkan juga. Dan terlebih gaji DPR itu dari pajak yang dibayarkan oleh rakyat.,mental siapa yang rusak dan siapa yang tolol dia lupa dpr disana ada karena ada suara rakyat maka rakyat berhak untuk membubarkan juga dan terlebih gaji dpr itu dari pajak yang dibayarkan oleh rakyat,0,0,0,0
Fri Aug 29 22:43:36 +0000 2025,@Ipulalam39 @yappingfess Tapi yang bisa naikin gaji DPR kan presiden yang bisa ngasih bintang kehormatan presiden ini kan pematik utamanya?,tapi yang bisa naikin gaji dpr kan presiden yang bisa ngasih bintang kehormatan presiden ini kan pematik utamanya,0,0,1,0
Fri Aug 29 22:42:57 +0000 2025,@sxtiawan nyesel nga nyesel tau nga si nyoblos lu jadi presiden. nga nyesel nya itu karna pas di jabatan lu koruptor ketangkep semua nyesel nya itu lu malah ngasi penghargaan ke DPR. rakyat lu noh yang di naikin gaji nya bukan malah DPR yang kerja nya cuma tidur sama makan kayak lu,nyesel nga nyesel tau nga si nyoblos lu jadi presiden nga nyesel nya itu karna pas di jabatan lu koruptor ketangkep semua nyesel nya itu lu malah ngasi penghargaan ke dpr rakyat lu noh yang di naikin gaji nya bukan malah dpr yang kerja nya cuma tidur sama makan kayak lu,0,0,1,0
Fri Aug 29 22:42:15 +0000 2025,@sharpandshark Penyebab kerusuhan ya @prabowo yg bikin badut² @DPR_RI joget ria ... Gara² @prabowo menaikan gaji dan tunjangan para badut @DPR_RI,penyebab kerusuhan ya yg bikin badut joget ria gara menaikan gaji dan tunjangan para badut,3,1,0,0
Fri Aug 29 22:41:35 +0000 2025,Kata gua polisi skrg ngeluh juga lu ke DPR. DPR yg naek gaji elu yg dipukulin terima terima aja emg? Lu balik protes pukulin dpr lah biar ga semena mena,kata gua polisi skrg ngeluh juga lu ke dpr dpr yg naek gaji elu yg dipukulin terima terima aja emg lu balik protes pukulin dpr lah biar ga semena mena,1,0,0,0
Fri Aug 29 22:40:37 +0000 2025,@sxtiawan heran bngt sama ni negara apa-apa duit yang keluar mana duit nya bukan untuk rakyat malah untuk pejabat. ngasi uang ke orang yang udah kayak kayak bodoh bngt si Prabowo juga goblok ngapain coba naikin gaji DPR ampe 100jt gtu rakyat lu cuma di kasi makan gratis otak dmna sii?,heran bngt sama ni negara apa apa duit yang keluar mana duit nya bukan untuk rakyat malah untuk pejabat ngasi uang ke orang yang udah kayak kayak bodoh bngt si prabowo juga goblok ngapain coba naikin gaji dpr ampe 100jt gtu rakyat lu cuma di kasi makan gratis otak dmna sii,1,0,1,0
Fri Aug 29 22:40:18 +0000 2025,@RomeoWalker19 Kubu Salawi.... Sudah Terang Benderang penyebabnya Anggota DPR Itu yg Sombong Minta Ampun apalagi setelah Gaji &amp; Tunjangannya Naik Meroket.... ,kubu salawi sudah terang benderang penyebabnya anggota dpr itu yg sombong minta ampun apalagi setelah gaji amp tunjangannya naik meroket,1,0,0,0
Fri Aug 29 22:40:12 +0000 2025,@AJEnglish @DPR_RI tolong diingat bahwa kalian adalah pelayan rakyat dan gaji kalian dibayarkan dari pajak rakyat. Sikap arogansi yang ditunjukkan sebagian anggota dpr justru makin melukai rakyat yang saat ini sedang berjuang untuk sekedar bertahan hidup.,tolong diingat bahwa kalian adalah pelayan rakyat dan gaji kalian dibayarkan dari pajak rakyat sikap arogansi yang ditunjukkan sebagian anggota dpr justru makin melukai rakyat yang saat ini sedang berjuang untuk sekedar bertahan hidup,6,0,0,0
Fri Aug 29 22:39:35 +0000 2025,@Flamboyan59 Ini lagi... anggota DPR yang cuman pinter riding the wave. Dia bagian dari anggota DPR yang menikmati uang gaji rakyat tapi miskin kerja. Bisanya ya seperti peselancar yang memanfaatkan ombak.,ini lagi anggota dpr yang cuman pinter riding the wave dia bagian dari anggota dpr yang menikmati uang gaji rakyat tapi miskin kerja bisanya ya seperti peselancar yang memanfaatkan ombak,0,0,0,0
Fri Aug 29 22:39:34 +0000 2025,@eroz_atemo @DPR_RI Berdasarkan data terbaru 2025 upah minimum tertinggi untuk buruh di Indonesia adalah di Kota Bekasi dengan UMK Rp5.690.752/bulan. Disusul Kabupaten Karawang Rp5.599.593 dan Kabupaten Bekasi Rp5.558.515. Catatan: Ini upah minimum; gaji aktual bisa lebih tinggi tergantung,berdasarkan data terbaru 2025 upah minimum tertinggi untuk buruh di indonesia adalah di kota bekasi dengan umk rp5 690 752 bulan disusul kabupaten karawang rp5 599 593 dan kabupaten bekasi rp5 558 515 catatan ini upah minimum gaji aktual bisa lebih tinggi tergantung,0,0,0,0
Fri Aug 29 22:39:14 +0000 2025,Saran saya selain Mahasiswa Ibu RT Guru @Puspen_TNI @DivHumas_Polri TNI dan Polri ikut demo DPR gaji kalian kecil juga kan⁉️,saran saya selain mahasiswa ibu rt guru tni dan polri ikut demo dpr gaji kalian kecil juga kan,0,0,0,0
Fri Aug 29 22:38:38 +0000 2025,@ArdyaDipta Lebih gak relanya lagi ternyata gaji anggota DPR sebenarnya bisa mencapai minimal 658 juta (menurut penelusuran tim tempo bocor halus) https://t.co/P6fR7i3nXA,lebih gak relanya lagi ternyata gaji anggota dpr sebenarnya bisa mencapai minimal 658 juta menurut penelusuran tim tempo bocor halus,0,0,0,0
Fri Aug 29 22:33:12 +0000 2025,@BANGSAygSUJUD Kasihan emang rakyat kecil ini. Cuma jatah makan anak² sehari 1x aja dipermasalahkaaaaaan teruuuuus. Tapi gaji &amp; tunjangan DPR RI trilyunan cuma buat 580 orang gak tersentuh bertahun². Baru kali ini aja geger. Oops lupa bagian terbesar DPR kan pdip si juara koruptor,kasihan emang rakyat kecil ini cuma jatah makan anak sehari 1x aja dipermasalahkaaaaaan teruuuuus tapi gaji amp tunjangan dpr ri trilyunan cuma buat 580 orang gak tersentuh bertahun baru kali ini aja geger oops lupa bagian terbesar dpr kan pdip si juara koruptor,0,0,1,0
Fri Aug 29 22:33:11 +0000 2025,@CNNIndonesia TURUNKAN GAJI ANGGOTA DPR!!! MAKSIMAL 2X UMR ITU TUNTUTAN KAMI!!!,turunkan gaji anggota dpr maksimal 2x umr itu tuntutan kami,0,0,0,0
Fri Aug 29 22:32:39 +0000 2025,@Giiselje Gaji anggota DPR maksimal 5x UMR Indonesia. Jangan jor2an seperti sekarang.,gaji anggota dpr maksimal 5x umr indonesia jangan jor2an seperti sekarang,0,0,0,0
Fri Aug 29 22:31:49 +0000 2025,Kita rela kok pajak naik.. asal digunakan untuk kepentingan masyarakat. Bukan malah naikin gaji dpr,kita rela kok pajak naik asal digunakan untuk kepentingan masyarakat bukan malah naikin gaji dpr,0,0,0,0
Fri Aug 29 22:30:34 +0000 2025,@geloraco Si Tol*l itu masih MENIKMATI hidup sebagai anggota DPR Dengan gaji Selangit.. DUIT RAKYAT ITU YG LU TOL*L2IN!!,si tol l itu masih menikmati hidup sebagai anggota dpr dengan gaji selangit duit rakyat itu yg lu tol l2in,0,0,0,0
Fri Aug 29 22:30:21 +0000 2025,@eroz_atemo @DPR_RI Berdasarkan data terkini (2025) gaji pokok anggota DPR RI Rp4 2 juta/bulan Wakil Ketua Rp4 62 juta Ketua Rp5 04 juta. Ditambah tunjangan seperti jabatan (Rp9 7 juta) komunikasi (Rp15 5 juta) rumah (Rp50 juta) dll. total bisa &gt;Rp100 juta/bulan. Sumber: PP No.75/2000 &amp;,berdasarkan data terkini 2025 gaji pokok anggota dpr ri rp4 2 juta bulan wakil ketua rp4 62 juta ketua rp5 04 juta ditambah tunjangan seperti jabatan rp9 7 juta komunikasi rp15 5 juta rumah rp50 juta dll total bisa gt rp100 juta bulan sumber pp no 75 2000 amp,0,0,1,0
Fri Aug 29 22:30:07 +0000 2025,anyway i just knew gaji dpr indo lebih tinggi dibandingkan gaji dpr canada,anyway i just knew gaji dpr indo lebih tinggi dibandingkan gaji dpr canada,0,0,1,0
Fri Aug 29 22:30:05 +0000 2025,@nksthi @DPR_RI Hapuskan semua tunjangan DPR kasih aja gaji pokok doang Coba liat masih pada mau ga mengabdi Untuk rakyat???,hapuskan semua tunjangan dpr kasih aja gaji pokok doang coba liat masih pada mau ga mengabdi untuk rakyat,0,1,0,0
Fri Aug 29 22:24:51 +0000 2025,@Tan_Mar3M @habiburokhman @Dahnilanzar Geng solo sdh jago membuat sesuatu yg TSM...sy yakin @prabowo @Gerindra paham. Ini by desain 1. Saat samsul fufufafa terlht di media sinis lht anggota DPR joget² dikaitkan dg gaji naik. Pdhal kata Pasha Ungu di podcast Densu ngga ada kaitan dg moment itu. Jd frame yg dipotong².,geng solo sdh jago membuat sesuatu yg tsm sy yakin paham ini by desain 1 saat samsul fufufafa terlht di media sinis lht anggota dpr joget dikaitkan dg gaji naik pdhal kata pasha ungu di podcast densu ngga ada kaitan dg moment itu jd frame yg dipotong,0,0,1,1
Fri Aug 29 22:24:02 +0000 2025,@prabowo Batalkan kenaikan gaji &amp; tunjangan anggota dpr Hapus pensiun seumur hidup anggota dpr Pecat anggota dpr yg mulutnya belangsak &amp; arogan Pecat menteri² korup Sahkan UU perampasan aset dijamin rakyat seluruh indonesia akan mendukung anda pak @prabowo,batalkan kenaikan gaji amp tunjangan anggota dpr hapus pensiun seumur hidup anggota dpr pecat anggota dpr yg mulutnya belangsak amp arogan pecat menteri korup sahkan uu perampasan aset dijamin rakyat seluruh indonesia akan mendukung anda pak,0,0,0,0
Fri Aug 29 22:23:00 +0000 2025,Pak @prabowo kalau tidak mau membubarkan DPR paling tidak hentikan/desak pimpinan partai untuk pecat tiga anggota dewan ini. Juga batalkan kenaikan gaji anggota DPR.,pak kalau tidak mau membubarkan dpr paling tidak hentikan desak pimpinan partai untuk pecat tiga anggota dewan ini juga batalkan kenaikan gaji anggota dpr,0,0,0,0
Fri Aug 29 22:22:21 +0000 2025,@Robiaji86 @azissubekti @99propaganda @Bambangmulyonoo @BANGSAygSUJUD @florieliciouss @Kimberley_PS08 @Ndons_Back @IrawanRommi @MIrvanDarwin1 @DarekaRendy Bodoh... Awal demo Krn protes gaji dan tunjangan DPR... Kenapa jadi nyerang kebijakan pemerintah Model kayak kamu gampang diprovokasi,bodoh awal demo krn protes gaji dan tunjangan dpr kenapa jadi nyerang kebijakan pemerintah model kayak kamu gampang diprovokasi,1,0,2,0
Fri Aug 29 22:21:40 +0000 2025,Sebaiknya jangan bang. Coba aja pemerintah pake gaji DPR buat bayar buzzer ,sebaiknya jangan bang coba aja pemerintah pake gaji dpr buat bayar buzzer,1,0,0,0
Fri Aug 29 22:21:11 +0000 2025,@tempodotco Bukan ini yg dibutuhkan. Pecat pejabat kepolisian yg tdk mampu jadi polisi yg baik Hentikan kemunafikan. Disatu sisi memangkas anggaran pembangunan menaikkan pajak. Di sisi lain anda menaikkan gaji pejabat dan DPR memanjakan pejabat BUMN utk jalan2 ke Swiss dll ,bukan ini yg dibutuhkan pecat pejabat kepolisian yg tdk mampu jadi polisi yg baik hentikan kemunafikan disatu sisi memangkas anggaran pembangunan menaikkan pajak di sisi lain anda menaikkan gaji pejabat dan dpr memanjakan pejabat bumn utk jalan2 ke swiss dll,6,0,0,0
Fri Aug 29 22:20:06 +0000 2025,@kompascom Rieke Diah Pitaloka berasal dari PDIP yang mendukung revisi UU TNI juga mendukung gaji &amp; tunjangan anggota DPR ratusan juta Rupiah.,rieke diah pitaloka berasal dari pdip yang mendukung revisi uu tni juga mendukung gaji amp tunjangan anggota dpr ratusan juta rupiah,0,0,0,0
Fri Aug 29 22:18:58 +0000 2025,@DPR_RI akar masalahnya itu kalian joged2 gaji dinaikan mulut kotor eko patrio uya kuya syahroni beragam fasilitas yg naik fantastis perampasan aset koruptor yg tdk disahkan skr pada kabur ke luar negeri kalian adu domba kami dgn aparat babi koen kabeh,akar masalahnya itu kalian joged2 gaji dinaikan mulut kotor eko patrio uya kuya syahroni beragam fasilitas yg naik fantastis perampasan aset koruptor yg tdk disahkan skr pada kabur ke luar negeri kalian adu domba kami dgn aparat babi koen kabeh,3,2,0,0
Fri Aug 29 22:18:35 +0000 2025,padahal mata telinga mulut udh bisa lihat dpr tikus pejabat korup aparat bengis bagi dia mah masih bisa cari jalan tengahnya. ya kalo emg ada jalan tengah jgn nyusahin rakyat lo anjg. kasih mereka loker dengan gaji yg layak pajak masuk akal tolol permudah bukan mempersulit.,padahal mata telinga mulut udh bisa lihat dpr tikus pejabat korup aparat bengis bagi dia mah masih bisa cari jalan tengahnya ya kalo emg ada jalan tengah jgn nyusahin rakyat lo anjg kasih mereka loker dengan gaji yg layak pajak masuk akal tolol permudah bukan mempersulit,0,0,0,0
Fri Aug 29 22:18:21 +0000 2025,@bersharing @tanyarlfes gaji 10 anggora dpr di kumpulin bisa buat gedung,gaji 10 anggora dpr di kumpulin bisa buat gedung,0,0,0,0
Fri Aug 29 22:16:13 +0000 2025,@Ari3Ghozi @Gus_Arifin @prabowo @puanmaharani_ri Berawal dari program MBG yg membuat kebocoran APBN kemudian ditutup pajak brutal ! gaji &amp; tunjangan dpr yg bgt fantastis ditengah kesulitan rakyat para bajingan yg celometan menipu &amp; menyakiti rakyat tidak cuma ditindas skr malah dilindas ! Ampun dah..... ,berawal dari program mbg yg membuat kebocoran apbn kemudian ditutup pajak brutal gaji amp tunjangan dpr yg bgt fantastis ditengah kesulitan rakyat para bajingan yg celometan menipu amp menyakiti rakyat tidak cuma ditindas skr malah dilindas ampun dah,1,0,0,0
Fri Aug 29 22:16:13 +0000 2025,Ngapain iri sama gaji DPR 100 juta? ‍️ Itu duit haram hasil ngehisap pajak rakyat. Nominalnya segede gunung pun kalau haram ya habisnya cepet ga berkah ga tenang sampai tujuh turunan. Yang bikin kita ngamuk: kenapa uang rakyat dipake buat ngasih makan para tikus berdasi?!,ngapain iri sama gaji dpr 100 juta itu duit haram hasil ngehisap pajak rakyat nominalnya segede gunung pun kalau haram ya habisnya cepet ga berkah ga tenang sampai tujuh turunan yang bikin kita ngamuk kenapa uang rakyat dipake buat ngasih makan para tikus berdasi,0,0,0,0
Fri Aug 29 22:15:04 +0000 2025,#DPR tidak bisa dibubarkan tanpa amandemen UU. Tapi kita bisa tuntut agar gaji anggota diturunkan dan tunjangan yang tidak perlu harus dibatalkan. Dengan demikian para tikus itu jadi tidak tertarik dengan posisi itu karena tidak ada lagi benefit dan dengan sendirinya mundur.,tidak bisa dibubarkan tanpa amandemen uu tapi kita bisa tuntut agar gaji anggota diturunkan dan tunjangan yang tidak perlu harus dibatalkan dengan demikian para tikus itu jadi tidak tertarik dengan posisi itu karena tidak ada lagi benefit dan dengan sendirinya mundur,0,0,0,0
Fri Aug 29 22:15:01 +0000 2025,@alponcogarcia @puanmaharani_ri @prabowo Puan itu goblok. Harusnya terimakasih itu pada rakyat. Naikan gaji itu ke guru atau pegawai kecil agar ekonomi bawah berputar buat ke warung buat nglarisi umkm. Kalo yang naik DPR duit hanya untuk belanja ke luar negeri. SBY gaungkan kenaikan gaji PNS. SBY lebih cerdas dari PUAN,puan itu goblok harusnya terimakasih itu pada rakyat naikan gaji itu ke guru atau pegawai kecil agar ekonomi bawah berputar buat ke warung buat nglarisi umkm kalo yang naik dpr duit hanya untuk belanja ke luar negeri sby gaungkan kenaikan gaji pns sby lebih cerdas dari puan,0,0,0,0
Fri Aug 29 22:14:58 +0000 2025,Gedung DPR Kota Makassar di Bakar @prabowo harus segera Turun tangan terdapat permasalahan negeri ini Kenaikan gaji DPR Para menteri Rangkap Jabatan dan terindikasi Korupsi segera di bersihkan Undang² Pera pasan Asset Koruptor Pajak² mencetak Rakyat mereka malah Naik Gaji. https://t.co/WROvwXcSTI,gedung dpr kota makassar di bakar harus segera turun tangan terdapat permasalahan negeri ini kenaikan gaji dpr para menteri rangkap jabatan dan terindikasi korupsi segera di bersihkan undang pera pasan asset koruptor pajak mencetak rakyat mereka malah naik gaji,0,0,0,0
Fri Aug 29 22:13:26 +0000 2025,@Dahnilanzar @prabowo Bagaimana rakyat bisa tersenyum dan gembira dengan beban pajak yang berat daya beli rendah sementara Orang-orang yang mengaku wakil rakyat menaikan gaji tunjungan dan kehidupan mewah.,bagaimana rakyat bisa tersenyum dan gembira dengan beban pajak yang berat daya beli rendah sementara orang orang yang mengaku wakil rakyat menaikan gaji tunjungan dan kehidupan mewah,0,0,0,0
Fri Aug 29 22:12:54 +0000 2025,@bangherwin Bener bang pdhl yg buat uu gaji DPR presiden sblmnya aka bapaknya https://t.co/PxDSOb3gC0,bener bang pdhl yg buat uu gaji dpr presiden sblmnya aka bapaknya,0,0,0,0
Fri Aug 29 22:11:42 +0000 2025,@Bambangmulyonoo Siapa sih yg naikin gaji DPR babik bgt psti ulah periode sblmnya skg cuci tangan https://t.co/PxDSOb3gC0,siapa sih yg naikin gaji dpr babik bgt psti ulah periode sblmnya skg cuci tangan,2,1,0,0
Fri Aug 29 22:10:39 +0000 2025,@puanmaharani_ri @prabowo Terimakasih itu pada rakyat. Coba angkat opini naikkan gaji guru dan pegawai kecil agar ekonomi dibawah berputar. warung umkm bakal hidup. Naikkan gaji DPR hanya dihambur-hamburkan untuk belanja ke luar negeri. opini ini sudah dipakai SBY. PDI jangan goblok goblok amat,terimakasih itu pada rakyat coba angkat opini naikkan gaji guru dan pegawai kecil agar ekonomi dibawah berputar warung umkm bakal hidup naikkan gaji dpr hanya dihambur hamburkan untuk belanja ke luar negeri opini ini sudah dipakai sby pdi jangan goblok goblok amat,0,0,0,0
Fri Aug 29 22:09:54 +0000 2025,@NarasiNewsroom Bu lu bukan belum sepenuhnya menjalankan tugas sebagai wakil rakyat TAPI TIDAK MELAKUKAN SAMA SEKALI KEWAJIBAN LU SEBAGAI WAKIL RAKYAT. LU ITU CUMA MAKAN GAJI BUTA. Wakil rakyat kelakuan kek setan,bu lu bukan belum sepenuhnya menjalankan tugas sebagai wakil rakyat tapi tidak melakukan sama sekali kewajiban lu sebagai wakil rakyat lu itu cuma makan gaji buta wakil rakyat kelakuan kek setan,0,0,0,0
Fri Aug 29 22:08:00 +0000 2025,Presiden punya misi naikin gaji pejabat. DPR naik gaji dapat kritik. Bukannya menjawab malah ngeledek. Satroni bilangin orang tolol Eko nge-DJ Puan undang rakyat. Pas rakyat datang malah kabur semua. Jelas chaos. Makanya congor dijaga ya anjing!,presiden punya misi naikin gaji pejabat dpr naik gaji dapat kritik bukannya menjawab malah ngeledek satroni bilangin orang tolol eko nge dj puan undang rakyat pas rakyat datang malah kabur semua jelas chaos makanya congor dijaga ya anjing,1,0,0,0
Fri Aug 29 22:06:15 +0000 2025,- gaji dpr g ngotak - ruu penting kgk di sah-in (DARI KMRN ) - isilop lindes ojol - isilop brutality - pendemo makin anarkis (ampe fasilitas umum pada rusak anj) - pada mulai ngejarah (warga yg kaya pun kena) - ada lagi isu bau mengkambing hitamkan ras KACAU UDH KACAU,gaji dpr g ngotak ruu penting kgk di sah in dari kmrn isilop lindes ojol isilop brutality pendemo makin anarkis ampe fasilitas umum pada rusak anj pada mulai ngejarah warga yg kaya pun kena ada lagi isu bau mengkambing hitamkan ras kacau udh kacau,3,0,1,0
Fri Aug 29 22:06:12 +0000 2025,@riekediahp Mbak oneng tolong gaungkan opini ini. Naikan gaji guru dan pegawai kecil agar ekonomi dibawah berputar. warung bakal rame umkm rame. Naikan gaji DPR hanya dihambur hamburkan belanja dan plesir ke luar negeri. Mosok opini ini justru SBY yang suarakan. PDI jangan goblok,mbak oneng tolong gaungkan opini ini naikan gaji guru dan pegawai kecil agar ekonomi dibawah berputar warung bakal rame umkm rame naikan gaji dpr hanya dihambur hamburkan belanja dan plesir ke luar negeri mosok opini ini justru sby yang suarakan pdi jangan goblok,0,0,0,0
Fri Aug 29 22:05:51 +0000 2025,@MasBRO_back Gaji diatas 200 jutaan lebih kerja molor....anjing banget sih @DPR_RI,gaji diatas 200 jutaan lebih kerja molor anjing banget sih,0,0,0,0
Fri Aug 29 22:04:19 +0000 2025,@tempodotco kan kamu yg bikin rusuh duluan ndut pake acara naikin gaji DPR. sekarang so soan jadi pahlawan,kan kamu yg bikin rusuh duluan ndut pake acara naikin gaji dpr sekarang so soan jadi pahlawan,0,0,0,0
Fri Aug 29 22:02:45 +0000 2025,Baca teks ya anda? Cih Makanya buka itu pintu dpr. Gaji darimana anda klo bukan dari uang rakyat?,baca teks ya anda cih makanya buka itu pintu dpr gaji darimana anda klo bukan dari uang rakyat,0,0,0,0
Fri Aug 29 22:02:42 +0000 2025,@PDI_Perjuangan Usulkan saja gaji guru dan pegawai kecil naik. Cara seperti itu akan membuat ekonomi bawah bergerak. warung kecil rame umkm rame. Daripada naikan gaji DPR duit untuk plesir dan belanja di luar negeri. Sekarang opini ini yang digaungkan SBY,usulkan saja gaji guru dan pegawai kecil naik cara seperti itu akan membuat ekonomi bawah bergerak warung kecil rame umkm rame daripada naikan gaji dpr duit untuk plesir dan belanja di luar negeri sekarang opini ini yang digaungkan sby,0,0,0,0
Fri Aug 29 21:54:00 +0000 2025,@Bambangmulyonoo Gaji anggota DPR yg sdh besar pajaknya ditanggung Negara itu namanya tdk kena pajak sedangkan gaji karyawan rendahan tetap kena pajak dipotong langsung dari gajinya ini sungguh tidak adil sangat menyakiti hati Rakyat,gaji anggota dpr yg sdh besar pajaknya ditanggung negara itu namanya tdk kena pajak sedangkan gaji karyawan rendahan tetap kena pajak dipotong langsung dari gajinya ini sungguh tidak adil sangat menyakiti hati rakyat,1,0,1,0
Fri Aug 29 21:53:34 +0000 2025,@AJEnglish Gaji DPR ini lewat PP presiden tahun seblmnya. Jd tau kan siapa perusak di Republik Indonesia ????? ttps://www.inilah.com/siapa-yang-menentukan-gaji-dpr,gaji dpr ini lewat pp presiden tahun seblmnya jd tau kan siapa perusak di republik indonesia ttps www inilah com siapa yang menentukan gaji dpr,0,0,0,0
Fri Aug 29 21:49:32 +0000 2025,@Singo_Yudho5 @Dennysiregar7 @prabowo Kejauhan pikiran elu... Masalahnya anggota DPR dpt gaji gedhe plus tunjangan² yg ngga ngotak &amp; ngga bayar pajak. Sementara kerjaan mrk cuma nari² doang. Rakyat marah lah!,kejauhan pikiran elu masalahnya anggota dpr dpt gaji gedhe plus tunjangan yg ngga ngotak amp ngga bayar pajak sementara kerjaan mrk cuma nari doang rakyat marah lah,0,0,0,0
Fri Aug 29 21:49:31 +0000 2025,Para artis yg dah gak laku pada milih jabatan di DPR yg duduk nyaman dg gaji ratusan juta perbulan. Dulu kita kyk takjub jk meliat di panggung. Jaman sudah berubah rakyat tidak bodoh lagi. Mrk tanpa rakyat dan penggemar hanya sbg pengemis tahunan. https://t.co/Qkj4SPORsN,para artis yg dah gak laku pada milih jabatan di dpr yg duduk nyaman dg gaji ratusan juta perbulan dulu kita kyk takjub jk meliat di panggung jaman sudah berubah rakyat tidak bodoh lagi mrk tanpa rakyat dan penggemar hanya sbg pengemis tahunan,3,0,0,0
Fri Aug 29 21:48:53 +0000 2025,@Mdy_Asmara1701 Puan terlalu lemah memimpin DPR hrs bertindak tegas semua keputusan harus pro Rakyat Gaji fasilitas Dll anggota DPR harus di sesuai kan dengan kondisi Rakyat yg sdh susah saat ini,puan terlalu lemah memimpin dpr hrs bertindak tegas semua keputusan harus pro rakyat gaji fasilitas dll anggota dpr harus di sesuai kan dengan kondisi rakyat yg sdh susah saat ini,0,0,0,0
Fri Aug 29 21:48:52 +0000 2025,@SonyAndrio @AJEnglish Kaw baca ini yg menentukan gaji DPR Presiden.. kebijakan ini sdh ada periods sblm nya jd kw tau kan siapa perusak demokrasi suara2 perwakilan dibungkam pk duit dan kekuasaan,kaw baca ini yg menentukan gaji dpr presiden kebijakan ini sdh ada periods sblm nya jd kw tau kan siapa perusak demokrasi suara2 perwakilan dibungkam pk duit dan kekuasaan,0,0,1,0
Fri Aug 29 21:47:15 +0000 2025,Lah kok minta maaf?? Kan artis gpp kl artis joget mah uda jd dpr gaji kecil pula ya..emang lo antek asing!! Nih ndro priono ketemu satu nih pihak asingnya,lah kok minta maaf kan artis gpp kl artis joget mah uda jd dpr gaji kecil pula ya emang lo antek asing nih ndro priono ketemu satu nih pihak asingnya,0,0,0,0
Fri Aug 29 21:46:43 +0000 2025,@tifsembiring Gaji sekian juta Tambah duit tunjangan Tambah lgi duit aspirasi yg puluhan miliar Sdah lah rakyat tdk bodoh DPR adalah sarang koruptor,gaji sekian juta tambah duit tunjangan tambah lgi duit aspirasi yg puluhan miliar sdah lah rakyat tdk bodoh dpr adalah sarang koruptor,0,0,0,0
Fri Aug 29 21:45:40 +0000 2025,Harus reformasi ulang dpr mulai dari persyaratannya gaji + tunjangannya dibikin kaya umr dll,harus reformasi ulang dpr mulai dari persyaratannya gaji tunjangannya dibikin kaya umr dll,0,0,0,0
Fri Aug 29 21:44:05 +0000 2025,@DPR_RI Bapak Ibu gaji bisa naik baiknya karena kinerja yang baik kl Pendapatan Asli Daerah gak naik ya situ hasilnya 0 kalau lap kerja kurang ya situ hasilnya 0 kalau Indonesia tertinggal hasilnya 0...naiknya gara gara apa? https://t.co/JMyKy8j0Ji,bapak ibu gaji bisa naik baiknya karena kinerja yang baik kl pendapatan asli daerah gak naik ya situ hasilnya 0 kalau lap kerja kurang ya situ hasilnya 0 kalau indonesia tertinggal hasilnya 0 naiknya gara gara apa,0,0,0,0
Fri Aug 29 21:43:58 +0000 2025,@kang___L Jika Tahu Lagi krisis kenapa Gaji DPR dinaikan wkwkkw,jika tahu lagi krisis kenapa gaji dpr dinaikan wkwkkw,1,0,0,0
Fri Aug 29 21:43:17 +0000 2025,Gaji pokok mungkin kecil tapi tunjangan² yg luar biasa mana mungkin orang mau hamburkan uang milyaran agar bisa terpilih jadi anggota DPR/DPRD hehehe,gaji pokok mungkin kecil tapi tunjangan yg luar biasa mana mungkin orang mau hamburkan uang milyaran agar bisa terpilih jadi anggota dpr dprd hehehe,0,0,0,0
Fri Aug 29 21:40:54 +0000 2025,Video 10 bulan lalu sudah memperlihatkan ngototnya anggota DPR membela kenaikan gaji &amp; tunjangan https://t.co/uf4ZrGvMEa,video 10 bulan lalu sudah memperlihatkan ngototnya anggota dpr membela kenaikan gaji amp tunjangan,0,0,0,0
Fri Aug 29 21:40:50 +0000 2025,@prabowo Bapak presiden yg terhormat alangkah bijak bila bapak membatalkan kenaikan gaji DPR dan kenaikan pajak . Apa tidak ada sumber pendapatan selain pajak .????,bapak presiden yg terhormat alangkah bijak bila bapak membatalkan kenaikan gaji dpr dan kenaikan pajak apa tidak ada sumber pendapatan selain pajak,0,0,0,0
Fri Aug 29 21:39:04 +0000 2025,makin marah kalau dicompare gini... pdhl masih banyak bgt masy yg bs disejahterakan sm thp mrk SEBULAN blm lg gaji mentri2 dan jajarannya tlg sekalian dispill jg pls soalnya kerjanya 11 12 sm dpr alias kaga jelas ,makin marah kalau dicompare gini pdhl masih banyak bgt masy yg bs disejahterakan sm thp mrk sebulan blm lg gaji mentri2 dan jajarannya tlg sekalian dispill jg pls soalnya kerjanya 11 12 sm dpr alias kaga jelas,0,0,1,0
Fri Aug 29 21:38:09 +0000 2025,@Not_Ur_Bro @beautifuloflily @tanyarlfes Ih anjing tolol bgt ini CENTANG BIRU STOP SAMPE GUA AJA YANG KASIH ATENSI Heh kontol presiden skrng hasil dari 02 terus lu nanyain urusannya apa sama 02? Terus lu tanya lagi ini urusan dpr? tapi ngasih ss pengajuan gaji naik ditandatangani PRESIDEN? OTAK KAU DIMANA BABI,ih anjing tolol bgt ini centang biru stop sampe gua aja yang kasih atensi heh kontol presiden skrng hasil dari 02 terus lu nanyain urusannya apa sama 02 terus lu tanya lagi ini urusan dpr tapi ngasih ss pengajuan gaji naik ditandatangani presiden otak kau dimana babi,0,0,0,0
Fri Aug 29 21:37:23 +0000 2025,@senggolbacoxxx @tempodotco Bener gap antar daerah emang nyata di UMR harga sembako tanah dll. Tapi gaji DPR dari APBN (PP 75/2000 &amp; UU 17/2014) dirancang buat kesetaraan peran nasional biar wakil dari daerah miskin gak kalah daya saing. Kalo dari dapil bisa tambah gap itu. Ide lo bisa jadi bahan,bener gap antar daerah emang nyata di umr harga sembako tanah dll tapi gaji dpr dari apbn pp 75 2000 amp uu 17 2014 dirancang buat kesetaraan peran nasional biar wakil dari daerah miskin gak kalah daya saing kalo dari dapil bisa tambah gap itu ide lo bisa jadi bahan,0,0,1,0
